titulo,autores,generos,serie,sinopsis,url_libro,categoria_origen,fecha_extraccion,imagen_portada
El molino del Floss,George Eliot,"Clásico, Costumbrista",N/D,Debes Iniciar sesión para escribir un comentario.,https://ww3.lectulandia.co/book/el-molino-del-floss/,Clásico,2026-09-06 12:54:42,https://assets.lectulandia.co/b/George%20Eliot/El%20molino%20del%20Floss%20(10)/big.jpg
Middlemarch,George Eliot,"Clásico, Costumbrista",N/D,N/D,https://ww3.lectulandia.co/book/middlemarch/,Clásico,2026-09-06 12:54:45,https://assets.lectulandia.co/b/George%20Eliot/Middlemarch%20(2)/big.jpg
"Otelo, el moro de Venecia",William Shakespeare,"Clásico, Drama, Teatro",N/D,N/D,https://ww3.lectulandia.co/book/otelo-el-moro-de-venecia/,Clásico,2026-09-06 12:54:48,"https://assets.lectulandia.co/b/William%20Shakespeare/Otelo,%20el%20moro%20de%20Venecia%20(7)/big.jpg"
Hamlet,William Shakespeare,"Clásico, Drama, Teatro",N/D,N/D,https://ww3.lectulandia.co/book/hamlet/,Clásico,2026-09-06 12:54:51,https://assets.lectulandia.co/b/William%20Shakespeare/Hamlet%20(10)/big.jpg
La sombra del ciprés es alargada,Miguel Delibes,"Clásico, Drama",N/D,N/D,https://ww3.lectulandia.co/book/la-sombra-del-cipres-es-alargada/,Clásico,2026-09-06 12:54:54,https://assets.lectulandia.co/b/Miguel%20Delibes/La%20sombra%20del%20cipres%20es%20alargada%20(18)/big.jpg
La respuesta es no,Wilkie Collins,"Clásico, Drama, Intriga",N/D,N/D,https://ww3.lectulandia.co/book/la-respuesta-es-no/,Clásico,2026-09-06 12:54:57,https://assets.lectulandia.co/b/Wilkie%20Collins/La%20respuesta%20es%20no%20(2)/big.jpg
La vida es sueño,Pedro Calderón de la Barca,"Clásico, Teatro",N/D,N/D,https://ww3.lectulandia.co/book/la-vida-es-sueno/,Clásico,2026-09-06 12:55:00,https://assets.lectulandia.co/b/Pedro%20Calderon%20de%20la%20Barca/La%20vida%20es%20sueno%20(12)/big.jpg
El grillo del hogar (Ilustrado),Charles Dickens,"Clásico, Cuentos, Relato",N/D,Debes Iniciar sesión para escribir un comentario.,https://ww3.lectulandia.co/book/el-grillo-del-hogar-ilustrado/,Clásico,2026-09-06 12:55:03,https://assets.lectulandia.co/b/Charles%20Dickens/El%20grillo%20del%20hogar%20(Ilustrado)%20(9)/big.jpg
El jardín de los cerezos,Antón Chéjov,"Clásico, Drama, Teatro",N/D,N/D,https://ww3.lectulandia.co/book/el-jardin-de-los-cerezos/,Clásico,2026-09-06 12:55:06,https://assets.lectulandia.co/b/Anton%20Chejov/El%20jardin%20de%20los%20cerezos%20(19)/big.jpg
Macbeth,William Shakespeare,"Clásico, Drama, Teatro",N/D,N/D,https://ww3.lectulandia.co/book/macbeth/,Clásico,2026-09-06 12:55:09,https://assets.lectulandia.co/b/William%20Shakespeare/Macbeth%20(20)/big.jpg
A este lado del paraíso,Francis Scott Fitzgerald,Clásico,N/D,Debes Iniciar sesión para escribir un comentario.,https://ww3.lectulandia.co/book/a-este-lado-del-paraiso/,Clásico,2026-09-06 12:55:12,https://assets.lectulandia.co/b/Francis%20Scott%20Fitzgerald/A%20este%20lado%20del%20paraiso%20(1)/big.jpg
La segunda casaca,Benito Pérez Galdós,"Clásico, Histórico",Episodios Nacionales - Segunda serie,"El gran friso narrativo de los Episodios Nacionales sirvió de vehículo a Benito Pérez Galdós (1843-1920) para recrear en él la totalidad de la compleja vida de los españoles ­guerras, política, vida cotidiana, reacciones populares­ a lo largo del agitado siglo XIX. LA SEGUNDA CASACA continúa las memorias del inefable Pipaón que articulan el episodio anterior, trazando con idéntico humor la trayectoria que llevó a tantos del más rabioso absolutismo a la militancia liberal y que desembocó en el éxito del levantamiento de Riego. Junto con los personajes de Salvador Monsalud, Jenara y Carlos Navarro, se retoma a su vez la peripecia novelesca que dio comienzo en «El equipaje del rey José», primer episodio de esta Segunda serie.",https://ww3.lectulandia.co/book/la-segunda-casaca/,Clásico,2026-09-06 12:55:15,https://assets.lectulandia.co/b/Benito%20Perez%20Galdos/La%20segunda%20casaca%20(17)/big.jpg
Casa de muñecas,Henrik Ibsen,"Clásico, Drama",N/D,N/D,https://ww3.lectulandia.co/book/casa-de-munecas/,Clásico,2026-09-06 12:55:17,https://assets.lectulandia.co/b/Henrik%20Ibsen/Casa%20de%20munecas%20(4)/big.jpg
Juan Martín el Empecinado,Benito Pérez Galdós,"Clásico, Histórico",Episodios Nacionales - Primera serie,"El general Juan Martín Díez el Empecinado es retratado por Galdós como un héroe lleno de humanidad que protagoniza diálogos muy divertidos por su tosco vocabulario, pero es también un hombre valiente, fiero, noble y prudente, que despierta el respeto incluso de sus enemigos. Persona de firmes convicciones liberales, terminó por enfrentarse al propio Fernando VII, al no respetar éste la Constitución de 1812, y fue desterrado a Portugal. Al intentar de nuevo penetrar en España fue capturado, torturado y exhibido en una jaula antes de ser condenado a la horca. Su perseverancia al defender sus ideales ha hecho que “empecinado” signifique hoy en día obstinación y que él sea recordado como uno de los más grandes defensores de la libertad en España.",https://ww3.lectulandia.co/book/juan-martin-el-empecinado/,Clásico,2026-09-06 12:55:20,https://assets.lectulandia.co/b/Benito%20Perez%20Galdos/Juan%20Martin%20el%20Empecinado%20(13)/big.jpg
El contrato social,Jean-Jacques Rousseau,"Clásico, Filosofía, Política",N/D,Debes Iniciar sesión para escribir un comentario.,https://ww3.lectulandia.co/book/el-contrato-social/,Clásico,2026-09-06 12:55:23,https://assets.lectulandia.co/b/Jean%20Jacques%20Rousseau/El%20contrato%20social%20(2)/big.jpg
El Grande Oriente,Benito Pérez Galdós,"Clásico, Histórico",Episodios Nacionales - Segunda serie,"El gran friso narrativo de los Episodios Nacionales sirvió de vehículo a Benito Pérez Galdós (1843-1920) para recrear en él la totalidad de la compleja vida de los españoles ­guerras, política, vida cotidiana, reacciones populares­ a lo largo del agitado siglo XIX. EL GRANDE ORIENTE recoge, en su título, el nombre de una activa sociedad secreta que intervino poderosamente en los acontecimientos que agitaron la vida política española en el «trienio constitucional» que fue de 1820 a 1823. En este periodo, dominado por una agitación política y social en la que siguieron encontrando caldo de cultivo los vicios ancestrales de la sociedad española, Salvador Monsalud continúa desgranando su azarosa trayectoria civil y sentimental.",https://ww3.lectulandia.co/book/el-grande-de-oriente/,Clásico,2026-09-06 12:55:26,https://assets.lectulandia.co/b/Benito%20Perez%20Galdos/El%20Grande%20de%20Oriente%20(3)/big.jpg
7 de julio,Benito Pérez Galdós,"Clásico, Histórico",Episodios Nacionales - Segunda serie,"El gran friso narrativo de los Episodios Nacionales sirvió de vehículo a Benito Pérez Galdós (1843-1920) para recrear en él, novelescamente engarzada, la totalidad de la compleja vida de los españoles ­guerras, política, vida cotidiana, reacciones populares­ a lo largo del agitado siglo XIX. El 7 DE JULIO de 1822, fecha del levantamiento de los generales Riego y Ballesteros, quedó como fecha conmemorativa de un triunfo constitucional y popular que no sería tan duradero como pensaron los milicianos nacionales y los oradores de clubs y sociedades que celebraron su victoria sobre la conspiración urdida desde el propio Palacio. Episodio de fuerte intervención ciudadana localizado totalmente en Madrid, reúne las condiciones idóneas para que Pérez Galdós dibujara en él una estampa histórica llena de interés y vida que se entrevera con la peripecia novelesca que protagoniza en esta «Segunda serie» Salvador Monsalud.",https://ww3.lectulandia.co/book/7-de-julio/,Clásico,2026-09-06 12:55:30,https://assets.lectulandia.co/b/Benito%20Perez%20Galdos/7%20de%20julio%20(4)/big.jpg
Los cien mil hijos de san Luis,Benito Pérez Galdós,"Clásico, Histórico",Episodios Nacionales - Segunda serie,"El gran friso narrativo de los Episodios Nacionales sirvió de vehículo a Benito Pérez Galdós (1843-1920) para recrear en él, novelescamente engarzada, la totalidad de la compleja vida de los españoles ­guerras, política, vida cotidiana, reacciones populares­ a lo largo del agitado siglo XIX. LOS CIEN MIL HIJOS DE SAN LUIS es la expresión irónica y popular con que fue designado el ejército francés que, a las órdenes del duque de Angulema, invadió España en 1823 para imponer nuevamente, tras el llamado «trienio constitucional», el régimen absolutista. Engarzado con la peripecia novelesca, presenciamos el inexorable avance de esta fuerza que acabó con la Constitución gaditana de 1812 en el mismo lugar donde ésta vio la luz.",https://ww3.lectulandia.co/book/los-cien-mil-hijos-de-san-luis/,Clásico,2026-09-06 12:55:34,https://assets.lectulandia.co/b/Benito%20Perez%20Galdos/Los%20cien%20mil%20hijos%20de%20san%20Luis%20(11)/big.jpg
Preparación del actor,Konstantin Stanislavski,"Clásico, Teatro",N/D,Debes Iniciar sesión para escribir un comentario.,https://ww3.lectulandia.co/book/preparacion-del-actor/,Clásico,2026-09-06 12:55:35,https://assets.lectulandia.co/b/Constantin%20Stanislavsky/Preparacion%20del%20actor%20(2)/big.jpg
El terror de 1824,Benito Pérez Galdós,"Clásico, Histórico",Episodios Nacionales - Segunda serie,"El gran friso narrativo de los Episodios Nacionales sirvió de vehículo a Benito Pérez Galdós (1843-1920) para recrear en él, novelescamente engarzada, la totalidad de la compleja vida de los españoles –guerras, política, vida cotidiana, reacciones populares– a lo largo del agitado siglo XIX. Secuela del contundente fin que impusieron al «trienio liberal» los «Cien mil hijos de San Luis», objeto del episodio anterior, EL TERROR DE 1824 contribuyó a mantener el régimen fernandino, persiguiendo implacablemente los brotes de pensamiento liberal. Pasada la época de las grandes gestas populares, la acción –nuevamente situada en Madrid como escenario– se dispersa en hechos menores, de un heroísmo distinto: la conspiración y la muerte por un ideal.",https://ww3.lectulandia.co/book/el-terror-de-1824/,Clásico,2026-09-06 12:55:38,https://assets.lectulandia.co/b/Benito%20Perez%20Galdos/El%20terror%20de%201824%20(9)/big.jpg
Los apostólicos,Benito Pérez Galdós,"Clásico, Histórico",Episodios Nacionales - Segunda serie,"El gran friso narrativo de los Episodios Nacionales sirvió de vehículo a Benito Pérez Galdós (1843-1920) para recrear en él, novelescamente engarzada, la totalidad de la compleja vida de los españoles –guerras, política, vida cotidiana, reacciones populares– a lo largo del agitado siglo XIX. Los apostólicos, nombre que recibían los que andando el tiempo integrarían el bando carlista, recoge como transfondo un momento crítico de la historia española: el de los últimos tiempos del reinado de Fernando VII, casado ya con la napolitana María cristina, y las intrigas en torno a la sucesión del trono.",https://ww3.lectulandia.co/book/los-apostolicos/,Clásico,2026-09-06 12:55:40,https://assets.lectulandia.co/b/Benito%20Perez%20Galdos/Los%20apostolicos%20(11)/big.jpg
Un faccioso más y algunos frailes menos,Benito Pérez Galdós,"Clásico, Histórico",Episodios Nacionales - Segunda serie,"El gran friso narrativo de los Episodios Nacionales sirvió de vehículo a Benito Pérez Galdós (1843-1920) para recrear en él, novelescamente engarzada, la totalidad de la compleja vida de los españoles –guerras, política, vida cotidiana, reacciones populares– a lo largo del agitado siglo XIX. UN FACCIOSO MÁS Y ALGUNOS FRAILES MENOS es un juego de palabras que apunta a dos hechos de diversa magnitud y carácter: el alzamiento carlista y la matanza de frailes de 1834. Sobre tan difícil momento histórico se anuda el hilo novelesco que ha enhebrado los diez Episodios de esta Segunda Serie, con el desenlace de la peripecia novelesca que tiene como polos a Sola y Salvador Monsalud.",https://ww3.lectulandia.co/book/un-faccioso-mas-y-algunos-frailes-menos/,Clásico,2026-09-06 12:55:43,https://assets.lectulandia.co/b/Benito%20Perez%20Galdos/Un%20faccioso%20mas%20y%20algunos%20frailes%20menos%20(15)/big.jpg
Un voluntario realista,Benito Pérez Galdós,"Clásico, Histórico",Episodios Nacionales - Segunda serie,"El gran friso narrativo de los Episodios Nacionales sirvió de vehículo a Benito Pérez Galdós (1843-1920) para recrear en él, novelescamente engarzada, la totalidad de la compleja vida de los españoles –guerras, política, vida cotidiana, reacciones populares– a lo largo del agitado siglo XIX. UN VOLUNTARIO REALISTA personifica en “Tilín” el solsonés, Pepet Armengol, un movimiento producido en la España fernandina, el levantamiento de los que consideraban a Fernando VII y su régimen como blandos y moderados. Tilín es otro de esos personajes que a Pérez Galdós le gustaba seguir en su paso de niño a hombre, en una existencia trabajosa y difícil: nieto de un sacristán de monjas, recogido por ellas en su orfandad, y al fin voluntario realista en la agitada Cataluña de aquellos días.",https://ww3.lectulandia.co/book/un-voluntario-realista/,Clásico,2026-09-06 12:55:46,https://assets.lectulandia.co/b/Benito%20Perez%20Galdos/Un%20voluntario%20realista%20(7)/big.jpg
Narraciones extraordinarias,Edgar Allan Poe,"Clásico, Terror",N/D,N/D,https://ww3.lectulandia.co/book/narraciones-extraordinarias/,Clásico,2026-09-06 12:55:48,https://assets.lectulandia.co/b/Edgar%20Allan%20Poe/Narraciones%20extraordinarias%20(2)/big.jpg
Zumalacárregui,Benito Pérez Galdós,"Clásico, Histórico",Episodios Nacionales - Tercera serie,"El gran friso narrativo de los Episodios Nacionales sirvió de vehículo a Benito Pérez Galdós (1843-1920) para recrear en él, novelescamente engarzada, la totalidad de la compleja vida de los españoles -guerras, política, vida cotidiana, reacciones populares- a lo largo del agitado siglo XIX. La España desgarrada por la Primera Guerra Carlista y la Regencia de María Cristina es la época de los siguientes episodios, cuyo eje es el romántico Fernando Calpena. Escrita entre 1898 y 1900, es decir diecinueve años después de haber concluido la anterior, Galdós retoma la historia de España en el punto en que la había dejado -la muerte de FernandoVII-, para relatar la difícil etapa de la minoría de su hija, la futura Isabel II, no reconocida por los absolutistas que proclaman rey al infante don Carlos, hermano del rey fallecido. Los liberales arropan entonces a la reina viuda, María Cristina, y se inicia la primera guerra carlista. A lo largo de la serie, Galdós seguirá las vicisitudes de los dos bandos, entre el País Vasco, donde reside la corte absolutista, y Madrid, capital del gobierno liberal, con algunas incursiones en Levante y Cataluña. Como en las serie anteriores, Galdós crea en este libro personajes ficticios que participan en los acontecimientos históricos, pero cuya vida trata de reflejar la del español de a pie. Así, el suicidio de Larra, la educación de la futura reina o la concertación de su matrimonio aparecen como acontecimientos que los personajes comentan como parte de su propio transcurrir vital. En este episodio Pérez Galdós se sirve de la figura de ZUMALACÁRREGUI -el gran caudillo popular surgido en los primeros tiempos de la guerra carlista- y de la peripecia novelesca del atormentado capellán José Fago, para -como hiciera con El Empecinado para la Guerra de la Independencia- reflejar un momento histórico que le brinda la ocasión de pintar el mundo de la guerrilla y el de las intrigas cortesanas.",https://ww3.lectulandia.co/book/zumalacarregui/,Clásico,2026-09-06 12:55:52,https://assets.lectulandia.co/b/Benito%20Perez%20Galdos/Zumalacarregui%20(11)/big.jpg
Vampiros (Ilustrado),Alexandre Dumas,"Clásico, Terror",N/D,N/D,https://ww3.lectulandia.co/book/vampiros-ilustrado/,Clásico,2026-09-06 12:55:55,https://assets.lectulandia.co/b/Varios%20Autores/Vampiros%20(Ilustrado)%20(28)/big.jpg
El cura de Tours,Honoré de Balzac,"Clásico, Relato",N/D,Debes Iniciar sesión para escribir un comentario.,https://ww3.lectulandia.co/book/el-cura-de-tours/,Clásico,2026-09-06 12:55:57,https://assets.lectulandia.co/b/Honore%20de%20Balzac/El%20cura%20de%20Tours%20(23)/big.jpg
La Gaviota,Antón Chéjov,"Clásico, Drama, Teatro",N/D,Debes Iniciar sesión para escribir un comentario.,https://ww3.lectulandia.co/book/la-gaviota/,Clásico,2026-09-06 12:56:00,https://assets.lectulandia.co/b/Anton%20Chejov/La%20Gaviota%20(8)/big.jpg
Drácula (Ilustrado),Bram Stoker,"Clásico, Fantástico, Terror",N/D,N/D,https://ww3.lectulandia.co/book/dracula-ilustrado/,Clásico,2026-09-06 12:56:04,https://assets.lectulandia.co/b/Bram%20Stoker/Dracula%20(Ilustrado)%20(17)/big.jpg
La pequeña Dorrit,Charles Dickens,Clásico,N/D,"«Obra maestra entre las obras maestras», según George B. Shaw, esta novela nos revela no sólo al Dickens más cómico y triste, más exuberante y genial, sino a un implacable fustigador de los vicios del capitalismo. Coincidiendo con el bicentenario del nacimiento de Charles Dickens Alba publica una nueva traducción de La pequeña Dorrit a cargo de Carmen Francí e Ismael Attrache y en edición de lujo. Esta es, sin lugar a dudas, una de las mejores novelas de Dickens. Un compendio monumental de su destreza narrativa, de su ingenio cómico y de su talento inigualable para crear ambientes y personajes.",https://ww3.lectulandia.co/book/la-pequena-dorrit/,Clásico,2026-09-06 12:56:07,https://assets.lectulandia.co/b/Charles%20Dickens/La%20pequena%20Dorrit%20(8)/big.jpg
Nuestro amigo común,Charles Dickens,"Clásico, Intriga",N/D,Debes Iniciar sesión para escribir un comentario.,https://ww3.lectulandia.co/book/nuestro-amigo-comun/,Clásico,2026-09-06 12:56:09,https://assets.lectulandia.co/b/Charles%20Dickens/Nuestro%20amigo%20comun%20(4)/big.jpg
El misterio de Edwin Drood,Charles Dickens,"Clásico, Intriga",N/D,Debes Iniciar sesión para escribir un comentario.,https://ww3.lectulandia.co/book/el-misterio-de-edwin-drood/,Clásico,2026-09-06 12:56:12,https://assets.lectulandia.co/b/Charles%20Dickens/El%20misterio%20de%20Edwin%20Drood%20(10)/big.jpg
Tiempos difíciles,Charles Dickens,Clásico,N/D,Debes Iniciar sesión para escribir un comentario.,https://ww3.lectulandia.co/book/tiempos-dificiles/,Clásico,2026-09-06 12:56:14,https://assets.lectulandia.co/b/Charles%20Dickens/Tiempos%20dificiles%20(21)/big.jpg
La tienda de antigüedades,Charles Dickens,"Clásico, Drama",N/D,N/D,https://ww3.lectulandia.co/book/la-tienda-de-antiguedades/,Clásico,2026-09-06 12:56:17,https://assets.lectulandia.co/b/Charles%20Dickens/La%20tienda%20de%20antiguedades%20(6)/big.jpg
La Señora Lirriper,Charles Dickens,Clásico,N/D,Debes Iniciar sesión para escribir un comentario.,https://ww3.lectulandia.co/book/la-senora-lirriper/,Clásico,2026-09-06 12:56:19,https://assets.lectulandia.co/b/Charles%20Dickens/La%20Senora%20Lirriper%20(13)/big.jpg
La casa de Shakespeare,Benito Pérez Galdós,Clásico,N/D,Debes Iniciar sesión para escribir un comentario.,https://ww3.lectulandia.co/book/la-casa-de-shakespeare/,Clásico,2026-09-06 12:56:22,https://assets.lectulandia.co/b/Benito%20Perez%20Galdos/La%20casa%20de%20Shakespeare%20(14)/big.jpg
Los dos hidalgos de Verona,William Shakespeare,"Clásico, Teatro",N/D,Debes Iniciar sesión para escribir un comentario.,https://ww3.lectulandia.co/book/los-dos-hidalgos-de-verona/,Clásico,2026-09-06 12:56:25,https://assets.lectulandia.co/b/William%20Shakespeare/Los%20dos%20hidalgos%20de%20Verona%20(6)/big.jpg
Llenos de vida,John Fante,"Clásico, Humor, Relato",N/D,Debes Iniciar sesión para escribir un comentario.,https://ww3.lectulandia.co/book/llenos-de-vida/,Clásico,2026-09-06 12:56:28,https://assets.lectulandia.co/b/John%20Fante/Llenos%20de%20vida%20(16)/big.jpg
Morfina,Mijaíl Bulgákov,"Clásico, Cuentos",N/D,Debes Iniciar sesión para escribir un comentario.,https://ww3.lectulandia.co/book/morfina/,Clásico,2026-09-06 12:56:31,https://assets.lectulandia.co/b/Mijail%20Bulgakov/Morfina%20(7)/big.jpg
Marido y mujer,Wilkie Collins,"Clásico, Intriga",N/D,Debes Iniciar sesión para escribir un comentario.,https://ww3.lectulandia.co/book/marido-y-mujer/,Clásico,2026-09-06 12:56:34,https://assets.lectulandia.co/b/Wilkie%20Collins/Marido%20y%20mujer%20(7)/big.jpg
Del asesinato considerado como una de las bellas artes,Thomas De Quincey,"Clásico, Humor",N/D,"""Del asesinato considerado como una de las Bellas Artes"" es un ensayo de Thomas De Quincey publicado por primera vez en 1827 en la revista Blackwood, es una de las obras maestras del humor negro. En ella Thomas Quincey concibe la muerte como un espectáculo digno de ser visto y gozado. Cuando el asesinato está cometido y no podemos hacer nada por las víctimas, debemos dejar de considerarlo moralmente y pasar a juzgarlo como obra artística según las leyes del buen gusto. Con este planteamiento, De Quincey se retrotrae al ""primer asesinato"", es decir, el cometido por Caín sobre Abel, y a otros famosos de la historia, hasta concluir en los de mayor actualidad en el mundo anglosajón de la época. A este respecto, dice desdeñar el veneno y demás ""innovaciones abominables venidas de Italia"" en favor del tradicional corte de garganta. Pretende discutir con los detractores del asesinato dado que ""cuando se les oye hablar se creería que ser asesinado tiene todas las desventajas e inconvenientes y que no las tiene el no ser asesinado"", y recuerda a continuación las enfermedades y los pesares de que está libre el asesinado. Recuerda que Marco Aurelio dijo que una de las funciones más nobles de la razón consiste en distinguir si es o no tiempo de irse de este mundo, y dice agradecer a los artistas del asesinato que se dediquen a instruir gratuitamente a los demás en esta rama de la ciencia, si bien se apresura a aclarar que muy pocos cometen asesinatos por principios filantrópicos. Se centra especialmente en una serie de asesinatos cometidos en 1811 por John Williams en el barrio de Ratcliffe Highway , Londres . El ensayo fue recibido con entusiasmo y dio lugar a numerosas secuelas, como ""un segundo artículo sobre Asesinato Considerado como una de las Bellas Artes"" en 1839 y un ""Postscript"" en 1854. Estos ensayos han ejercido una fuerte influencia en posteriores representaciones literarias de la delincuencia y fueron alabados por la crítica como GK Chesterton , Wyndham Lewis y George Orwell",https://ww3.lectulandia.co/book/del-asesinato-considerado-como-una-de-las-bellas-artes/,Clásico,2026-09-06 12:56:37,https://assets.lectulandia.co/b/Thomas%20De%20Quincey/Del%20asesinato%20considerado%20como%20una%20de%20la%20(5492)/big.jpg
Dafnis y Cloe,Longo,Clásico,N/D,"Dafnis y Cloe, dos niños encontrados por pastores, se crían juntos y nace entre ellos un mutuo amor que ninguno sospecha. El desarrollo de esta simple pasión representa el principal interés, y hay pocos incidentes. Cloe es secuestrada por un pirata, y finalmente recupera a su familia. Los rivales perturban la paz de Dafnis, pero ambos amantes son reconocidos por sus padres, y regresan a una feliz vida de casados al campo.",https://ww3.lectulandia.co/book/dafnis-y-cloe/,Clásico,2026-09-06 12:56:40,https://assets.lectulandia.co/b/Longo/Dafnis%20y%20Cloe%20(5466)/big.jpg
Mansfield Park,Jane Austen,"Clásico, Romántico",N/D,"Fanny Price es una niña todavía cuando sus tíos la acogen en su mansión de Mansfield Park, rescatándola de una vida de estrecheces y de necesidades. Allí, ante su mirada amedrentada, desfilará un mundo de ocio y de refinamiento en el que las inocentes diversiones alimentarán maquinaciones y estrategias de seducción. Ese mundo oculta una verdad peligrosa y sólo Fanny, desde su sumiso silencio, será capaz de atisbar sus consecuencias y amenazas. Mansfield Park recrea un orden familiar y social que se deshace y restaura engañosamente a través de los ojos ambiguos de una jovencita a quien se ha asignado la suerte y el destino de una Cenicienta. Publicada en 1814, Mansfield Park es, probablemente, la novela más densa y compleja de la autora, todo un prodigio de arquitectura narrativa y de profundidad psicológica.",https://ww3.lectulandia.co/book/mansfield-park/,Clásico,2026-09-06 12:56:43,https://assets.lectulandia.co/b/Jane%20Austen/Mansfield%20Park%20(5422)/big.jpg
La educación sentimental,Gustave Flaubert,Clásico,N/D,Debes Iniciar sesión para escribir un comentario.,https://ww3.lectulandia.co/book/la-educacion-sentimental/,Clásico,2026-09-06 12:56:45,https://assets.lectulandia.co/b/Gustave%20Flaubert/La%20educacion%20sentimental%20(5437)/big.jpg
Textos fronterizos,Horacio Quiroga,"Clásico, Ensayo, Relato",N/D,"Al final de su vida, Horacio Quiroga, desencantado por el desdén de los jóvenes vanguardistas porteños, se retira de la vida pública y se muda con su familia a San Ignacio, provincia de Misiones. Desde allí, escribe una serie de artículos (“Croquis del monte”) con amplias incursiones en el terreno de la ficción. Verdaderos «textos fronterizos» por partida doble: por tener como escenario la frontera argentino-paraguaya, y por estar también en el límite entre divulgación y ficción, entre el documental y el relato. En los nueve textos escogidos, encontrará el lector hallazgos literarios tan sutiles que le será muy difícil definir en qué consiste el arte de su autor. El último de ellos, “La tragedia de los ananás”, tiene además un valor biográfico especial, pues apareció en ‘La Prensa’ el primer día del año 1937, mes y medio antes de su partida definitiva.",https://ww3.lectulandia.co/book/textos-fronterizos/,Clásico,2026-09-06 12:56:47,https://assets.lectulandia.co/b/Horacio%20Quiroga/Textos%20fronterizos%20(5410)/big.jpg
Las aventuras de Pinocho,Carlo Collodi,"Clásico, Cuentos, Ensayo",N/D,"Aunque se trata de uno de los libros más populares del mundo, Las aventuras de Pinocho es, al mismo tiempo, una obra desconocida y eclipsada por la versión de Walt Disney, que por otra parte guarda muy poca relación con el original. La historia de una marioneta que logra cobrar vida no es aquí un cuento moralizante ni sentimental, sino una obra profundamente subversiva sobre la infancia perdida, una historia transida de crueldad, magia y sátira. El personaje de Pinocho es una de las grandes creaciones de la historia de la literatura, en cuya aventura se entreveran la picaresca, el teatro callejero, los cuentos de hadas, de un modo que anticipa el surrealismo e incluso el realismo mágico. Lleno de personajes memorables y compuesto con la inevitable lógica de un sueño, Pinocho es un clásico de vida inagotable.",https://ww3.lectulandia.co/book/las-aventuras-de-pinocho/,Clásico,2026-09-06 12:56:50,https://assets.lectulandia.co/b/Carlo%20Collodi/Las%20aventuras%20de%20Pinocho%20(5411)/big.jpg
El rey Lear,William Shakespeare,"Clásico, Drama, Teatro",N/D,"El anciano Lear decide abdicar y legar el trono a sus hijas. Pero, dudando a cuál de ellas hacerlo, opta por someterlas a prueba. A las dos más cariñosas, Regan y Goneril, les cede una parte del Reino, pero a Cordelia, la que de verdad lo quiere aunque sea más hosca, la deshereda, pensando que no lo ama. Con el tiempo se demostrará que la realidad era precisamente al revés y la única que permanece al lado de su padre es Cordelia, mientras sus hermanas se disputan el trono. Todo ello desencadena hechos trágicos en los que ejercen un importante papel el conde de Glocester y sus hijos, cuyas circunstancias se configuran como una acción secundaria de la principal. Drama viejo como el mundo. Pero la equivocación en un gran hombre tiene consecuencias grandes, y Lear verá pronto cómo su decisión de retiro del mundo es acatada por sus hijas Goneril y Regan con un fervor que desafía sus mayores expectativas. Despojado, escarnecido, vilipendiado y atormentado por su injusticia hacia Cordelia y el Conde de Kent (conmovedor este personaje con su fidelidad por encima de todo, incluso después de caer en desgracia), Lear acaba por perder la razón. Así como en Julio César la ausencia del líder era el nudo central de la trama, aquí la locura de Lear, es otra forma de muerte, se instala casi desde el principio, y sus efectos se hacen notar en seguida, exponencialmente, como en un cataclismo. Cunde el caos, los partidismos, las traiciones. Un drama sobrecogedor —palabra un poco gastada, pero aquí más justa que nunca— sobre la condición humana, las miserias de la vejez y los finos límites que bordean la locura; un límite a menudo decidido de manera arbitrariamente interesada. También es una de las pocas obras de Shakespeare con una tremenda explícita escena de tortura, que resalta aún más su filiación directa, descarnada, brutal, con lo más profundo de la tragedia griega. Shakespeare nunca repite sus encantos, pero esta obra es de esas que tienen un brillo especial, un lugar aparte de oscuro talismán de muerte. Igual que Macbeth es única, igual que Hamlet es única, igual que El mercader de Venecia es única… En realidad Shakespeare es siempre único.",https://ww3.lectulandia.co/book/el-rey-lear/,Clásico,2026-09-06 12:56:53,https://assets.lectulandia.co/b/William%20Shakespeare/El%20rey%20Lear%20(5420)/big.jpg
El mundo de Guermantes,Marcel Proust,Clásico,En busca del tiempo perdido,"Tercera parte de En busca del tiempo perdido. Obra cumbre de la literatura del siglo XX. La integración, por fin, en el anhelado espacio de los Guermantes tiene lugar en París, donde el narrador logra instalarse en una dependencia de la residencia de los aristócratas. Ahora, su inquieta pasión amorosa le ha llevado a poner los ojos en la duquesa, un ideal inalcanzable al que, pese a todo, sigue hasta su retiro de Doncières, donde se halla prestando su servicio militar el joven Robert de Saint-Loup. A partir de aquí, los acontecimientos se suceden vertiginosamente en la memoria del narrador, que entabla amistad con la actriz Rachel (amante de Robert), pierde a su abuela materna y se enamora de Albertine, una de las ""muchachas en flor"". Por aquel tiempo (en el que acude con asiduidad al elegante salón de Mme. de Villeparisis), el protagonista descubre la condición de homosexual del barón de Charlus.",https://ww3.lectulandia.co/book/el-mundo-de-guermantes/,Clásico,2026-09-06 12:56:55,https://assets.lectulandia.co/b/Marcel%20Proust/El%20mundo%20de%20Guermantes%20(5376)/big.jpg
"El amor, el dandismo y la intriga",Pío Baroja,"Clásico, Histórico, Relato",Memorias de un hombre de acción,"Esta obra, terminada en Vera de Bidasoa por octubre de 1922, se halla constituida por cuatro partes y en ellas vuelve a ser personaje central el narrador, Pedro Leguía. Recoge el hilo, un poco abandonado desde El aprendiz de conspirador. Bayona es el centro de la intriga al principio, como lo será en otras novelas de la serie, inmediatamente posteriores. Abundan las descripciones y pinturas del ambiente de 1837. Leguía es joven, apuesto, el dandysmo está a la orden del día. Esto y sus actividades peculiares le dan motivos para apuntar muchas ideas y observaciones sobre la vida amorosa y la política y sus hombres. Pero también hay parte dedicada a descubrir la situación de la zona fronteriza avanzada ya la primera guerra civil; el novelista transcribe, así, canciones vascas de circunstancias (algunas recogidas en Vera). La tercera parte recoge experiencias muy distintas y varias, en París y Madrid. La trama mayor de todas las urdidas por Aviraneta para provocar la desorientación en el campo carlista se va desarrollando en las partes cuarta y quinta, llenas de incidentes novelescos e intrigas amorosas que justifican sobradamente el título.",https://ww3.lectulandia.co/book/el-amor-el-dandismo-y-la-intriga/,Clásico,2026-09-06 12:56:58,"https://assets.lectulandia.co/b/Pio%20Baroja/El%20amor,%20el%20dandismo%20y%20la%20intriga%20(5328)/big.jpg"
Apología de Sócrates (Trad. Gredos),Platón,"Clásico, Filosofía",Diálogos de juventud,"En Apología de Sócrates, diálogo compuesto entre 393 y 389 a.C., Platón (c. 427-347 a. C.) ofrece una versión de la defensa que hizo de sí mismo Sócrates frente al jurado de Atenas tras ser acusado de corromper a los jóvenes y despreciar a los dioses. El diálogo, perteneciente al ciclo platónico de obras socráticas o de juventud, además de rescatar el texto de la apología (defensa) ante el tribunal, constituye la apología (elogio) que hace Platón de su maestro. Sócrates comienza el diálogo diciendo que no sabe si los atenienses han sido ya persuadidos por los que le acusan. Este inicio resulta crucial para establecer el tema del discurso, pues es frecuente que Platón comience sus diálogos socráticos exponiendo la idea general del texto. Sócrates pide al jurado que no atienda a sus virtudes oratorias, sino a la verdad que éstas convocan. A su vez, asegura que no va a utilizar ornamentos retóricos ni frases cuidadosamente preparadas, sino que dirá lo que se le pase por la cabeza, las mismas palabras que utilizaría en el ágora y en las reuniones; pero demuestra ser un maestro en retórica, no sólo elocuente y persuasivo, sino hábil con el jurado. Aun así, este discurso, que durante más de dos milenios se ha ganado el favor de los lectores, no consigue ganar el juicio. Sócrates fue condenado a muerte, y desde entonces se le ha admirado por su serena aceptación de la sentencia.",https://ww3.lectulandia.co/book/apologia-de-socrates-trad-gredos/,Clásico,2026-09-06 12:57:01,https://assets.lectulandia.co/b/Platon/Apologia%20de%20Socrates%20(Trad.%20Gredos)%20(5306)/big.jpg
Critón (Trad. Gredos),Platón,"Clásico, Filosofía",Diálogos de juventud,"El Critón, el más breve de los escritos platónicos iniciales, está muy vinculado a la Apología. Tras la terrible sentencia, Sócrates y Critón repasan los conceptos y puntos de vista que ambos aceptaban anteriormente, para comprobar si siguen siendo válidos.",https://ww3.lectulandia.co/book/criton-trad-gredos/,Clásico,2026-09-06 12:57:03,https://assets.lectulandia.co/b/Platon/Criton%20(Trad.%20Gredos)%20(5307)/big.jpg
Servidumbre humana,William Somerset Maugham,"Clásico, Drama, Relato",N/D,"Servidumbre humana (Of Human Bondage, 1915) fue calificada por los críticos de la época como ""una de las novelas más importantes del siglo XX."" El libro parece ser bastante autobiográfico (la tartamudez de Maugham se transforma en una deformación congénita de los pies de Philip Carey, el vicario de Whitestable se convierte en el vicario de Blackstable, y Philip Carey es un médico) no obstante el mismo Maugham insistió que se trataba de invención más que de realidad. En todo caso, la estrecha relación entre ficción y realidad fue una de las características de la obra de Maugham, a pesar de la obligada declaración legal sobre el hecho de que ""los personajes [de ésta o aquella obra] son completamente imaginarios"". En 1938 escribió: ""Realidad y ficción están tan mezcladas en mi obra que ahora, echando una ojeada en ella, difícilmente puedo distinguir la una de la otra."". A través de su protagonista principal, Philip Carey, Servidumbre humana desgrana una historia de formación y sufrimiento abarcando diversas fases de la juventud y la sensualidad humana. Su orfandad, las humillaciones sufridas en la escuela a causa de su defecto físico en un pie —como en el caso de su autor, por la tartamudez— desarrollaron en Philip un carácter introspectivo y extremadamente sensible, al tiempo que se formó en él “…el más exquisito hábito humano: el de la lectura”. Su rebeldía, plasmada en su descreimiento religioso y en sus ansias de aventura y libertad, provino de aquella falta de mayor cariño. En París vivirá infructuosamente el sueño de convertirse en artista; y las sucesivas etapas de su vida —los estudios de medicina en Londres, su desaforada pasión por una mujer vulgar pero seductora, el hambre y la pobreza…— buscarán la respuesta al sentido de la existencia, a cuál debe ser la idea rectora que la guíe. Pero sólo en uno mismo está poder descubrirlo: vivir será tejer el tapiz del propio destino por la satisfacción de llevar a cabo la obra; y al comprenderlo, el protagonista encontrará inesperadamente la paz..",https://ww3.lectulandia.co/book/servidumbre-humana/,Clásico,2026-09-06 12:57:05,https://assets.lectulandia.co/b/William%20Somerset%20Maugham/Servidumbre%20humana%20(5314)/big.jpg
Canciones de inocencia y de experiencia,William Blake,"Clásico, Filosofía, Poesía",N/D,"Blake, precursor de Byron o Keats, se anticipó en el rechazo a lo neoclásico y si algo puede definirlo es su defensa de la imaginación frente a la razón. Consideraba que las formas ideales debían construirse no a partir de la observación de la naturaleza sino de las visiones interiores. Sus poemas más voluntariosos, fragantes, directos y elocuentes aparecieron en Canciones de inocencia, texto publicado en un año que es todo un símbolo, 1789. Pero pronto Blake perdió la fe en el ser humano. En 1794 publicó Canciones de experiencia, una obra del mismo estilo lírico, una vuelta de tuerca sobre muchos de los temas y lemas de su libro anterior. Lo normal ahora es publicar ambas series como un texto conjunto debido a las analogías formales que presentan las mismas. Pero en realidad inocencia y experiencia siempre han sido distintas, inocencia y experiencia se complementan como «los dos estados opuestos del alma humana». La inocencia de la niñez (cúanto recuerda a las ideas de Leopardi) frente al camino pertubador hacia la nada de la vida adulta. La corrupción necesaria, la transgresión del conocimiento. La verdadera inocencia que resulta imposible sin la experiencia, transformada por la fuerza creativa de la imaginación humana.",https://ww3.lectulandia.co/book/canciones-de-inocencia-y-de-experiencia/,Clásico,2026-09-06 12:57:08,https://assets.lectulandia.co/b/William%20Blake/Canciones%20de%20inocencia%20y%20de%20experiencia%20(5315)/big.jpg
La hija de Jezabel,Wilkie Collins,"Clásico, Intriga",N/D,"Un médico francés consigue, en una universidad alemana, recuperar la fórmula de dos de los famosos venenos empleados por los Borgia. Tras su extraña muerte, las fórmulas de los venenos y varios frascos que los contienen desaparecen de su laboratorio. Ese es el punto de arranque de La hija de Jezabel, una novela de trama trepidante poblada de personajes inolvidables, como Madame Fontaine, quien, al igual que la Jezabel bíblica, está dispuesta a todo con tal de conseguir sus propósitos; Jack Straw, nombre de uno de los líderes de las revueltas campesinas de 1380, es el apodo por el que es conocido un loco cuya lucidez a veces resulta sorprendente; la dinámica viuda Wagner, cuyo carácter tenaz la lleva a abanderar a contracorriente la incorporación de la mujer a la empresa en pleno siglo XIX; el sensible e ingenuo señor Engelman, enamoradizo y romántico; la delicada Minna; el severo señor Keller… Y todo ello en un marco de crímenes sin resolver, crímenes que no siempre lo parecen y en los que los muertos no siempre lo están.",https://ww3.lectulandia.co/book/la-hija-de-jezabel/,Clásico,2026-09-06 12:57:12,https://assets.lectulandia.co/b/Wilkie%20Collins/La%20hija%20de%20Jezabel%20(5303)/big.jpg
El 18 Brumario de Luis Bonaparte,Karl Marx,"Clásico, Filosofía, Histórico",N/D,Debes Iniciar sesión para escribir un comentario.,https://ww3.lectulandia.co/book/el-18-brumario-de-luis-bonaparte/,Clásico,2026-09-06 12:57:15,https://assets.lectulandia.co/b/Karl%20Marx/El%2018%20Brumario%20de%20Luis%20Bonaparte%20(5270)/big.jpg
Tesis sobre Feuerbach (versión ADE),Karl Marx,"Clásico, Filosofía",N/D,"Versión para dispositivos basados en Adobe Digital Editions (ADE).Las Tesis sobre Feuerbach son once breves notas filosóficas escritas por Karl Marx en 1845. Éstas resumen una crítica de las ideas del joven filósofo post-hegeliano Ludwig Feuerbach. No obstante, este texto es visto con frecuencia con mayor amplitud, pues critica el materialismo contemplativo de los jóvenes hegelianos en todas las formas de idealismo filosófico. Las tesis identifican la actividad práctica (acción política en su interpretación social) como la base de una epistemología casi inédita posterior al mundo idealista de toda la filosofía desde Platón. Además, el texto relaciona la crítica hacia el idealismo —el alemán sobre todo— y el materialismo idealista con una aplicación práctica, material y política (relacionada con la afirmación de Marx en este mismo trabajo de que El arma de la crítica no puede reemplazar la crítica de las armas). Marx no publicó las Tesis sobre Feuerbach en vida, sino que éstas fueron editadas después de su fallecimiento por su amigo Friedrich Engels y publicadas en 1888.",https://ww3.lectulandia.co/book/tesis-sobre-feuerbach-version-ade/,Clásico,2026-09-06 12:57:18,https://assets.lectulandia.co/b/Karl%20Marx/Tesis%20sobre%20Feuerbach%20(version%20ADE)%20(5235)/big.jpg
Diferencia de la filosofía de la naturaleza en Demócrito y Epicuro (versión ADE),Karl Marx,"Clásico, Filosofía",N/D,"Versión para dispositivos basados en Adobe Digital Editions (ADE).Diferencia de la filosofía de la naturaleza en Demócrito y Epicuro, también conocida como Diferencia de la filosofía de la naturaleza de Demócrito y Epicuro o Diferencia entre la filosofía de la naturaleza de Demócrito y Epicuro, la tesis que Karl Marx presentó en marzo del 1841 para obtener el título de doctor en la Universidad de Jena, en Bélgica, es un estudio comparativo que se sitúa en una distinción fundamental: el horizonte que ambos pensadores otorgan al carácter de la necesidad. Así, Demócrito limita su horizonte a la posibilidad real y a partir de allí deduce la necesidad. Es decir, que el hombre asume la realidad contingente del mundo como necesario y por ello le atribuye esencias. En contraposición, Epicuro no considera la existencia relativa como existencia absoluta: ""La realidad contingente sólo tiene valor de posibilidad, y la posibilidad abstracta es precisamente el antípoda de la posibilidad real. La segunda se contiene dentro de los límites definidos como el entendimiento: la primera es ilimitada como la fantasía"".",https://ww3.lectulandia.co/book/diferencia-de-la-filosofia-de-la-naturaleza-en-democrito-y-epicuro-version-ade/,Clásico,2026-09-06 12:57:22,https://assets.lectulandia.co/b/Karl%20Marx/Diferencia%20de%20la%20filosofia%20de%20la%20natural%20(5247)/big.jpg
El 18 Brumario de Luis Bonaparte (versión ADE),Karl Marx,"Clásico, Filosofía, Histórico",N/D,"Versión para dispositivos basados en Adobe Digital Editions (ADE).El trabajo de Marx El dieciocho Brumario de Luis Bonaparte, escrito basándose en el análisis concreto de los sucesos revolucionarios de Francia entre 1848 y 1851, es una de las obras más importantes del marxismo. En esta obra, Marx analizó la revolución francesa de 1848-1851; desarrolló aún más el principio fundamental del materialismo histórico, la teoría de la lucha de clases y de la revolución proletaria, la doctrina del Estado y de la dictadura proletaria; y llegó por primera vez a la conclusión de que el proletariado triunfante tiene que destruir la máquina del Estado burgués. «Todas las revoluciones han perfeccionado esta máquina —dice—, en lugar de romperla». Marx registró por escrito y oportunamente el acontecimiento ocurrido desde diciembre de 1851 hasta marzo de 1852. Mientras escribía El dieciocho Brumario de Luis Bonaparte, intercambió muy a menudo con Engels opiniones sobre el suceso francés. Para la investigación, además de los periódicos y materiales oficiales, Marx se valió también de algunas correspondencias privadas remitidas de París. El dieciocho Brumario de Luis Bonaparte fue preparado originalmente para que saliera a luz en Norteamérica en ediciones sucesivas del semanario comunista Die Revolution, auspiciado por José Weydemeyer, amigo de Marx y Engels y miembro de la Liga de los Comunistas. Pero esta revista publicó sólo dos números (en enero de 1852), debido a las dificultades económicas. Y como el artículo de Marx llegó demasiado tarde, no se pudo publicar en esos dos números. De acuerdo con la sugerencia de Marx, Weydemeyer lo publicó, en mayo de 1852, en forma de folleto como el primer (y único número) de Die Revolution, publicación de aparición indeterminada. Weydemeyer cambió el título del folleto por el de El dieciocho Brumario de Luis Napoleón (no Luis Bonaparte). Obedeció al aprieto económico el hecho de que Weydemeyer no pudiera comprar la mayor parte de la primera edición al propietario de la imprenta, por lo cual no fueron muchos los folletos enviados a Europa. Fracasó también la tentativa de imprimirla de nuevo en Alemania o editarla en inglés en Inglaterra. La segunda edición del folleto no se publicó hasta el año 1869. Al publicarla, Marx revisó el texto de la primera. En el prólogo de la edición de 1869, Marx dio la explicación siguiente acerca de la revisión: «Una reelaboración de la presente obra la habría privado de su matiz peculiar. Por eso, me he limitado simplemente a corregir las erratas de imprenta y a tachar las alusiones que hoy ya no se entenderían». La tercera edición editada por Engels en 1885 es exactamente igual en texto a la de 1869. El dieciocbo Brumario de Luis Bonaparte, en francés, se publicó primero en enero-noviembre de 1891 en Le Socialiste, órgano del Partido Obrero de Francia. Posteriormente apareció, en el mismo año, en Lila, en forma de opúsculo. En 1894 apareció por primera vez, en Ginebra, la edición en ruso. La traducción de este folleto se ha tomado de la edición alemana de 1869. El dieciocho Brumario del octavo año de la República después de la revolución burguesa francesa, o sea el 9 de noviembre de 1799, fue el día en que Napoleón I dio el golpe de Estado, implantó el régimen imperial y la dictadura militar. El 2 de diciembre de 1851, Luis Bonaparte, siguiendo la pauta de su tío, reestableció la dictadura militar por medio de un golpe de Estado; el 2 de diciembre de 1852, abrogó la República, emprendió el régimen imperial y fue proclamado Napoleón III. Por esta razón, Marx tomó la fecha dieciocho Brumario como título de su folleto para satirizar y denunciar a Luis Bonaparte.",https://ww3.lectulandia.co/book/el-18-brumario-de-luis-bonaparte-version-ade/,Clásico,2026-09-06 12:57:24,https://assets.lectulandia.co/b/Karl%20Marx/El%2018%20Brumario%20de%20Luis%20Bonaparte%20(versio%20(5248)/big.jpg
La tempestad,William Shakespeare,"Clásico, Teatro",N/D,"En este drama, escrito al final de su carrera, como en El sueño de una noche de verano, escrito al comienzo, Shakespeare utiliza lo sobrenatural, recurriendo al mundo maravilloso de los elfos y de las hadas, fundiendo admirablemente sus acciones con aventuras humanas, con lo que éstas ganan en donosura y profundidad. Después de Hamlet, La tempestad es el drama shakesperiano que ha dado más amplio pábulo a hipótesis e interpretaciones. En ciertos momentos, en las poesías de Ariel y en las palabras de Próspero, el poeta mismo, por boca de sus personajes, se dirige al mundo y expresa su concepto de la vida, de manera que La tempestad es el más personal de sus dramas y parece reflejar a veces el pensamiento más profundo del dramaturgo: «Somos de la misma sustancia de que están hechos los sueños, y nuestra breve vida está rodeada de un sueño» (IV, esc. 1). La tempestad está considerada como la invención más sincera y original de Shakespeare. Es también la «summa» de su cultura acumulada a través de los años, y sobre todo de su experiencia teatral. Es ante todo un experimento en el ámbito del espectáculo: explota, deliberadamente, como ninguna otra obra precedente, los recursos y trucos de escena y hace del elemento musical y de todos los efectos sonoros una estructura que recorre la obra. Suele hablarse del texto como testamento literario de su autor, puesto que las obras que escribió después fueron elaboradas en colaboración con otros autores, y no alcanzan la calidad de ésta. Próspero, duque legítimo de Milán ha sido expulsado de su posición por su hermano y se encuentra en una isla desierta tras naufragar su buque. La obra comienza con una fuerte tormenta provocada por sus artes mágicas cuando adivina que su hermano, Antonio, viaja en un buque cerca de la isla en la que se encuentra. En ella, Próspero cuenta con la compañía de su hija Miranda y descansa con sus numerosos libros dedicándose al estudio y el conocimiento de las Artes Clásicas. Próspero entra en contacto con seres invisibles como Ariel, intermediarios entre los dioses y los hombres. Con su ayuda, desde el caos y la locura, Próspero tejerá un encantamiento que le permitirá iniciar su venganza. Escrito en 1611 y estrenado el mismo año, este drama en cinco actos, en verso y prosa, de William Shakespeare se publicó en el in-folio de 1623.",https://ww3.lectulandia.co/book/la-tempestad/,Clásico,2026-09-06 12:57:27,https://assets.lectulandia.co/b/William%20Shakespeare/La%20tempestad%20(5198)/big.jpg
Mujercitas,Louisa May Alcott,"Clásico, Drama, Romántico",Mujercitas,"«Cuando me encargaron la traducción de Mujercitas me hice la pregunta que ahora, supongo, se harán muchos lectores: ¿por qué otra traducción de un texto tan conocido? Al poco de empezar el trabajo, comprendí que la respuesta era más interesante que la pregunta: porque no es cierto que conozcamos de verdad esta novela».Así arranca el prólogo de Gloria Méndez a esta nueva traducción de la famosa obra de Louisa May Alcott; basada en el texto íntegro de la primera edición de 1808, con el añadido de muchos párrafos que se suprimieron en las versiones posteriores. El volumen incluye también la segunda parte de la historia, que la autora publicó en 1869 para dar respuesta a las muchas cartas de los lectores, interesados en saber cuál sería el destino futuro de las hermanas March, cuatro jovencitas que vivían en un pueblo de Nueva Inglaterra mientras la guerra civil hacía estragos en toda América.Han pasado casi ciento cincuenta años desde aquel lejano 1868, pero la complicidad de Meg, Beth, Amy y Jo con las demás mujeres no ha muerto. Es más, autoras de la talla de Simone de Beauvoir y Joyce Carol Oates han sido admiradoras entusiastas de esas Mujercitas que en sus gestos y palabras resumen el espíritu de una época y aún hoy pueden regalarnos unas hermosas horas de lectura.«Hay un libro en el que creí ver reflejado mi futuro: Mujercitas, de Louisa May Alcott… Yo quería a toda costa ser Jo, la intelectual. Compartía con ella el rechazo a las tareas domésticas y el amor por los libros. Jo escribía, y para imitarla empecé mis primeros cuentos cortos».Simone de Beauvoir, Memorias de una joven formal",https://ww3.lectulandia.co/book/mujercitas/,Clásico,2026-09-06 12:57:30,https://assets.lectulandia.co/b/Louisa%20May%20Alcott/Mujercitas%20(5209)/big.jpg
Sobre el arte de contar historias,Horacio Quiroga,"Clásico, Ensayo",N/D,"Con la publicación de estos ensayos (1922-1930), Horacio Quiroga buscó explorar el «problema de la literatura». De la ajena y de la propia, porque, como pensaba Borges, leer es una manera de crear, y en él la lectura no fue enciclopédica, ni siquiera muy vasta, sino que constituyó una auténtica profesión de fe, la elección de un trayecto ficcional del que dejó testimonio irrrecusable. No debe descartarse, en estos textos, una fuerte dosis de humor e ironía (como en su «defensa» frente a los jóvenes vanguardistas), pero por encima de ella la reflexión, la búsqueda de racionalizar el acto creativo, en la que destaca su agudeza, penetración y dominio de la poética del cuento que con tanto magisterio ejerció.",https://ww3.lectulandia.co/book/sobre-el-arte-de-contar-historias/,Clásico,2026-09-06 12:57:33,https://assets.lectulandia.co/b/Horacio%20Quiroga/Sobre%20el%20arte%20de%20contar%20historias%20(5185)/big.jpg
Cuentos dispersos,Horacio Quiroga,"Clásico, Cuentos, Drama, Fantástico, Romántico, Terror",N/D,"Algo más de un tercio de los cuentos publicados en periódicos y revistas, durante toda la trayectoria de Horacio Quiroga como narrador, nunca fue recopilado en libro. El presente volumen —amplia selección de dicho material— incorpora, además, un prólogo de la escritora argentina Liliana Heker. El Quiroga que aquí recuperamos, el que se multiplicó en publicaciones de vasto tiraje y heterogéneo público, confirma sus dotes de extraordinario constructor de ficciones, abriendo el camino para que quienes lo sucedieron —Borges, Cortázar, Rulfo, Ribeyro— pudieran llevar el cuento hispanoamericano a la insuperable maestría que alcanzó poco después. Por todo ello, su aporte sigue vivo y actual.",https://ww3.lectulandia.co/book/cuentos-dispersos/,Clásico,2026-09-06 12:57:37,https://assets.lectulandia.co/b/Horacio%20Quiroga/Cuentos%20dispersos%20(5186)/big.jpg
Fábulas morales,Félix María Samaniego,"Clásico, Cuentos, Infantil y juvenil, Poesía",N/D,"Félix María de Samaniego es, sin duda, uno de los máximos exponentes de una poesía satírica y mordaz, escrita en forma de fábulas morales con las que buscaba enseñar valores morales a los niños de su época. Sus fábulas, fuertemente influenciadas por su educación francesa y por La Fontaine, acompañan desde entonces a generaciones de españoles y conservan una intemporalidad y una fuerza que las mantiene en lo más alto de la literatura en lengua hispana. En 1781 se publicaron en Valencia los cinco primeros libros con el título de Fábulas en verso castellano, y en 1784 apareció en Madrid la versión definitiva, titulada Fábulas morales y formada por nueve libros con 157 fábulas.",https://ww3.lectulandia.co/book/fabulas-morales/,Clásico,2026-09-06 12:57:41,https://assets.lectulandia.co/b/Felix%20Maria%20Samaniego/Fabulas%20morales%20(5166)/big.jpg
Germinal,Émile Zola,"Clásico, Histórico, Relato",Los Rougon-Macquart,"Francia, 1866: Étienne Lantier abofetea a su patrón y se queda sin empleo. Vagabundo y sin trabajo, halla nueva ocupación en las minas de carbón. Los rigores de la labor bajo tierra, las condiciones inhumanas, la injusticia, la crisis social, la revolución y la huelga, la brutal represión, pero también el amor, son los protagonistas de Germinal, uno de los más rotundos y vívidos alegatos nunca escritos en favor de los explotados y los oprimidos.",https://ww3.lectulandia.co/book/germinal/,Clásico,2026-09-06 12:57:43,https://assets.lectulandia.co/b/Emile%20Zola/Germinal%20(5135)/big.jpg
El secreto de Sarah,Wilkie Collins,"Clásico, Intriga",N/D,"El secreto de Sarah es una investigación alrededor de un secreto celosamente guardado en una mansión, la Torre de Porthgenna, de la que la doncella Sarah Leeson huye el mismo día del fallecimieto de su señora. Quince años después, la existencia del secreto llega a oidos de Rosamond, en ese momento señora de Porthgenna, quien se empeñará en descubrirlo. Como sucede en las mejores obras de Collins, por El secreto de Sarah desfilan personajes impagables: la propia Sarah, cuyas desdichas son interminables; el excéntrico y misántropo Andrew Treverton; su impertinente criado Schrowl; Leny, el marido ciego; o el plúmbeo Mr. Phippen, un individuo que recuerda a los inefables Bouvard y Pécuchet. Maestro del suspense, artífice de argumento laberínticos y sin embargo trepidantes, Collins en El secreto de Sarah, se revela una vez más como el gran fundador de la novela de intriga y misterio.",https://ww3.lectulandia.co/book/el-secreto-de-sarah/,Clásico,2026-09-06 12:57:45,https://assets.lectulandia.co/b/Wilkie%20Collins/El%20secreto%20de%20Sarah%20(5119)/big.jpg
La Venus de las pieles,Leopold von Sacher-Masoch,"Clásico, Erótico, Psicología",La sonrisa vertical,"En La Venus de las Pieles el lector descubrirá en Severino al sujeto que busca una dominadora a la cual esclavizarse, acudiendo inclusive a obligarse formalmente mediante un contrato que consagrará con detalle su deber, voluntariamente consentido, de someterse a las más diversas situaciones humillantes y a las sofisticadas torturas que ofrece la imaginación depravada de los dos firmantes, con el fin de provocarse la ansiada excitación sexual, al tiempo que el sujeto pasivo que recibe el beneficio del sufrimiento es puesto en el centro de un ritual de dolor, humillación y sumisión, de desdeñosa frialdad y de castigos físicos y morales, que entre más insufribles le resulten, le propiciarán el éxtasis buscado.",https://ww3.lectulandia.co/book/la-venus-de-las-pieles/,Clásico,2026-09-06 12:57:49,https://assets.lectulandia.co/b/Leopold%20Ritter%20von%20Sacher-Masoch/La%20Venus%20de%20las%20pieles%20(5087)/big.jpg
Julio César,William Shakespeare,"Clásico, Histórico, Teatro",N/D,"La obra se ambienta en el año 44 antes de nuestra era, y narra los acontecimientos que acompañaron la muerte del célebre militar y cónsul romano. La conspiración de varios personajes de alcurnia para asesinar a Julio César, el éxito del complot, y el posterior castigo de los culpables se abordan desde la perspectiva de Bruto. Este personaje es también un militar destacado, que tiene una relación afectiva muy cercana con César (la amante del cónsul es la madre de Bruto), y se debate entre sus vínculos filiales y el ideal patriótico al participar en la maquinación del homicidio. La gran mayoría de los críticos e historiadores de Shakespeare, concuerdan en que la obra refleja la ansiedad general de Inglaterra, a causa de los temores sobre la sucesión del liderazgo. En el momento de su creación y primera representación, la reina Isabel I, una fuerte monarca, se encontraba desgastada y se había negado a nombrar a un sucesor, llevando a entrever una posible guerra civil, similar a aquella que se levantó en Roma tras la muerte de su emperador.",https://ww3.lectulandia.co/book/julio-cesar/,Clásico,2026-09-06 12:57:52,https://assets.lectulandia.co/b/William%20Shakespeare/Julio%20Cesar%20(5039)/big.jpg
El candor del padre Brown,Gilbert Keith Chesterton,"Clásico, Policíaco",Los relatos del Padre Brown,"De las historias de G.K. Chesterton protagonizadas por el padre Brown, Jorge Luis Borges dijo una vez que aún se recordarían cuando el género policíaco hubiese caducado. Pero en las historias detectivescas del padre Brown hay un rasgo que llama la atención: el protagonista no es un detective privado, ni un policía, ni siquiera un aficionado a resolver crímenes; es un sacerdote católico, toda una provocación, dado que Chesterton situó además a este sacerdote papista en plena Inglaterra anglicana, y ni siquiera se preocupó de hacerlo simpático a los lectores",https://ww3.lectulandia.co/book/el-candor-del-padre-brown/,Clásico,2026-09-06 12:57:56,https://assets.lectulandia.co/b/Gilbert%20Keith%20Chesterton/El%20candor%20del%20padre%20Brown%20(5024)/big.jpg
Mendel el de los libros,Stefan Zweig,"Clásico, Drama",N/D,"Escrito en 1929, Mendel el de los libros narra la trágica historia de un excéntrico librero de viejo que pasa sus días sentado siempre a la misma mesa en uno de los muchos cafés de la ciudad de Viena. Con su memoria enciclopédica, el inmigrante judío ruso no sólo es tolerado, sino querido y admirado por el dueño del café Gluck y por la culta clientela que requiere sus servicios. Sin embargo, en 1915 Jakob Mendel es enviado a un campo de concentración, acusado injustamente de colaborar con los enemigos del Imperio austrohúngaro. Un breve y brillante relato sobre la exclusión en la Europa de la primera mitad del siglo xx.",https://ww3.lectulandia.co/book/mendel-el-de-los-libros/,Clásico,2026-09-06 12:57:59,https://assets.lectulandia.co/b/Stefan%20Zweig/Mendel%20el%20de%20los%20libros%20(5031)/big.jpg
Poder burgués y poder revolucionario,Mario Roberto Santucho,"Clásico, Ensayo",N/D,"La clase obrera y el pueblo argentino han vivido los últimos años riquísimas experiencias políticas que entroncan en la historia de nuestra lucha de clases, y aclaran cristalinamente cuestiones vitales para los intereses nacionales y sociales de las masas trabajadoras argentinas. Reflexionar sobre estas experiencias, observar el comportamiento de las clases enfrentadas, comprender en profundidad las particularidades de nuestra revolución y extraer las conclusiones para guiar la acción correctamente, es una apremiante responsabilidad de los obreros conscientes, de los sectores progresistas y revolucionarios en general, de nuestras más amplias masas trabajadoras. En el presente folleto intentaremos un sintético análisis de ciertos procesos centrales de nuestra reciente historia política, con el ánimo de contribuir a su comprensión, de aventar la espesa niebla del diversionismo ideológico esparcido por la burguesía y la pequeño-burguesía para ocultar esos aspectos fundamentales, para confundir al pueblo y desviar su lucha.",https://ww3.lectulandia.co/book/poder-burgues-y-poder-revolucionario/,Clásico,2026-09-06 12:58:01,https://assets.lectulandia.co/b/Mario%20Roberto%20Santucho/Poder%20burgues%20y%20poder%20revolucionario%20(5004)/big.jpg
El alcalde de Zalamea,Pedro Calderón de la Barca,"Clásico, Poesía, Teatro",N/D,"El alcalde de Zalamea» es una de las obras más populares de Calderón de la Barca y contiene todos los grandes ingredientes de la literatura universal: venganza, pasión, crimen, honor, orgullo, justicia, lucha de clases… Esta universalidad unida a la maestría en la dramatización es lo que hace de esta obra publicada en 1651 (escrita, presumiblemente, en 1636) un clásico imprescindible, un texto sorprendentemente actual pese a haber sido escrito hace ya casi cuatro siglos. La obra narra el drama vivido en la localidad extremeña de Zalamea de la Serena al pasar las tropas españolas con motivo de la guerra de Portugal. El capitán Don Álvaro de Ataide, personaje de extracción nobiliaria es alojado en la casa del labrador rico de la localidad, Pedro Crespo, a cuya hermosa hija Isabel secuestra y ultraja. Cuando Pedro Crespo intenta remediar la situación, ofrece bienes a Don Álvaro para que se case con Isabel, a la que rechaza Don Álvaro por ser villana, es decir de clase inferior. Este desprecio afrenta definitivamente el honor de toda la familia de Pedro Crespo. En pleno trauma familiar, es elegido alcalde de Zalamea y siguiendo una querella cursada a la justicia por la ultrajada Isabel, aún sin poseer jurisdicción sobre el militar, Pedro Crespo prende, juzga y hace ajusticiar a Don Álvaro dándole garrote. La trama se resuelve, cuando el Rey Don Felipe II, revisa la decisión del alcalde, la ratifica y premia su decisión nombrando a Pedro Crespo alcalde perpetuo de Zalamea.",https://ww3.lectulandia.co/book/el-alcalde-de-zalamea/,Clásico,2026-09-06 12:58:05,https://assets.lectulandia.co/b/Pedro%20Calderon%20de%20la%20Barca/El%20alcalde%20de%20Zalamea%20(5013)/big.jpg
Relatos 1 (1913-1927),Bertolt Brecht,"Clásico, Drama, Relato",Narrativa Completa Bertol Brecht,"La obra narrativa de Bertolt Brecht (1898-1956), cuyos inicios coinciden con la cristalización de su temprana vocación literaria, se entrecruzó a lo largo de la vida del autor con el resto de su labor creativa y estuvo animada por los mismos objetivos que guiaron su producción teatral y poética. Los RELATOS —divididos en dos volúmenes— recogen la totalidad de la obra brechtiana en este campo siguiendo un orden cronológico. Este primer tomo reúne las narraciones breves publicadas en diversos periódicos y revistas entre 1913 y 1927, además de algunos inéditos correspondientes a este mismo período. A partir de la aparición de la breve parábola La guerra balcánica la publicación de sus primeros relatos en una revista de Augsburgo marcha en paralelo con sus primeras tentativas en el campo del periodismo.",https://ww3.lectulandia.co/book/relatos-1-1913-1927/,Clásico,2026-09-06 12:58:09,https://assets.lectulandia.co/b/Bertolt%20Brecht/Relatos%201%20(1913-1927)%20(4992)/big.jpg
Relatos 2 (1927-1949),Bertolt Brecht,"Clásico, Drama, Relato",Narrativa Completa Bertol Brecht,"La obra narrativa de Bertolt Brecht (1898-1956), cuyos inicios coinciden con la cristalización de su temprana vocación literaria, se entrecruzó a lo largo de la vida del autor con el resto de su labor creativa y estuvo animada por los mismos objetivos que guiaron su producción teatral y poética. Los RELATOS —divididos en dos volúmenes— recogen la totalidad de la obra brechtiana en este campo siguiendo un orden cronológico. Si el primer tomo reúne sus narraciones publicadas en diversos periódicos y revistas entre 1913 y 1927, además de algunos inéditos, este segundo volumen agrupa los relatos correspondientes al período que abarca de 1927 a 1948. Escritos a lo largo de un difícil exilio que condujo al autor desde Dinamarca a la Unión Soviética y Estados Unidos pasando por Finlandia y Suecia, los relatos aquí recogidos —aparecidos varios de ellos más tarde en ""Historias de almanaque""— proporcionan algunas claves fundamentales para la comprensión del autor alemán.",https://ww3.lectulandia.co/book/relatos-2-1927-1949/,Clásico,2026-09-06 12:58:12,https://assets.lectulandia.co/b/Bertolt%20Brecht/Relatos%202%20(1927-1949)%20(4994)/big.jpg
Basil,Wilkie Collins,"Clásico, Drama, Intriga",N/D,"Basil, benjamín de «un caballero inglés de inmensa fortuna», se enamora de un flechazo de una muchacha a la que un día ve casualmente en un ómnibus. Después de conocerla, accede a casarse con ella, con la insólita condición, impuesta por el padre de la muchacha, de no consumar el matrimonio hasta que pase un año. Así empieza «la historia de un error inocente en sus comienzos, culpable en su desarrollo, fatal en su desenlace»: la historia, en suma, de una degradación por amor. Un año después, un terrible descubrimiento arrastra a los personajes a una pesadilla de culpa, venganza, violencia y muerte en la que el bien y el mal revelan ocultas, perversas fraternidades. Segunda de las novelas de Wilkie Collins, Basil (1852) es ya un elocuente ejemplo de su universo característico, en el que, escarbando en «el secreto teatro del hogar», sin traspasar nunca los delicados muros de un interior doméstico, se encuentran toda la pasión y la sinrazón brutal de la novela gótica.",https://ww3.lectulandia.co/book/basil/,Clásico,2026-09-06 12:58:15,https://assets.lectulandia.co/b/Wilkie%20Collins/Basil%20(4921)/big.jpg
Los pazos de Ulloa,Emilia Pardo Bazán,Clásico,N/D,"La acción está ambientada en Ulloa, agreste región de Galicia, alrededor de 1866. El joven y recién ordenado sacerdote Julián Álvarez llega como capellán al poblado de Los Pazos, donde se levanta el castillo perteneciente a don Pedro Moscoso, de 30 años de edad, hombre licencioso, frívolo y desaprensivo, que ilegítimamente ostenta el título de marqués de Ulloa. En Los Pazos reina el más completo desorden y abandono. Los aldeanos roban impunemente al marquesado todo cuanto pueden. Quien verdaderamente manda y administra el solar es Primitivo, astuto labriego a las órdenes de don Pedro, que no ve con buenos ojos la llegada de Julián. La hermosa Isabel, hija de Primitivo, es la amante de don Pedro (y de cualquier campesino de los alrededores que la solicite), relación propiciada por su propio padre para tener así mayor dominio sobre el amo. De estos amores ilícitos ha nacido un niño, Perucho, de quien nadie se ocupa y por ello crece salvaje, sucio y solo. El sacerdote desaprueba tanto saqueo y libertinaje. Con no poco esfuerzo, convence a don Pedro de que abandone su vida viciosa, elija una mujer digna y la haga su esposa. La elección recae en Marcelina, llamada cariñosamente Nucha, virtuosa joven citadina y además prima del marqués. El matrimonio parece aquietar al principio el desenfreno de don Pedro, pero cuando a costa de su salud Nucha da a luz una niña y no un heredero varón, Moscoso, frustrado, vuelve junto a Isabel y al escándalo de sus antiguas costumbres. Esta conducta del marido atormenta y consume el ánimo de Nucha, quien finalmente muere de angustia y aflicción. Los Pazos de Ulloa, describe con realismo y fidelidad el ambiente y los caracteres, tanto el de los protagonistas como el de los personajes secundarios, el abad de Ulloa, el doctor Juncal —ejemplo de médico de aldea—, Perucho y los caciques que participan en la lucha electoral, entre otros. La sensibilidad de la autora ha captado el clima social de atraso, corrupción y pasiones primitivas que se vive en ese apartado rincón de Galicia, símbolo de la provincia española a fines del siglo XIX, pero sobre todo ha puesto énfasis en el elemento humano, la víctima de su instinto, del dolor o el desengaño. Novela intensa, amena, concebida con dominio de los efectos y escrita con estilo sencillo, es la mejor y más representativa de Emilia Pardo Bazán.",https://ww3.lectulandia.co/book/los-pazos-de-ulloa/,Clásico,2026-09-06 12:58:18,https://assets.lectulandia.co/b/Emilia%20Pardo%20Bazan/Los%20pazos%20de%20Ulloa%20(4937)/big.jpg
Viaje al Oeste. Las aventuras del Rey Mono,Anónimo,"Aventuras, Clásico, Cuentos, Fantástico, Viajes",N/D,"Viaje al Oeste recoge los avatares del monje Chen Hsüan-Tsang (Tripitaka) en su largo peregrinaje a la India en busca de escrituras budistas. Con su brillante estilo literario, se acabará desplazando al monje viajero y confiando el peso de la acción a sus tres discípulos, antiguos inmortales caídos en desgracia, que se verán obligados a sortear peligros y monstruos, cada vez más poderosos y crueles, que se oponen a su propósito de alcanzar la Montaña del Espíritu, donde en recompensa a su fidelidad serán elevados a la categoría de budas. Su aventura se convierte en un auténtico viaje interior, en el que las visiones budista y taoísta de la realidad juegan un papel esencial, apreciable incluso en la estructura de la obra. La presente traducción, directa del chino, es una de las escasísimas de la obra completa en una lengua occidental desde su aparición en 1592.",https://ww3.lectulandia.co/book/viaje-al-oeste-las-aventuras-del-rey-mono/,Clásico,2026-09-06 12:58:21,https://assets.lectulandia.co/b/Anonimo/Viaje%20al%20Oeste.%20Las%20aventuras%20del%20Rey%20Mo%20(4893)/big.jpg
Emma,Jane Austen,"Clásico, Romántico",N/D,"Obra maestra de la narrativa del XIX y una de las grandes novelas de Jane Austen, Emma cuenta la historia de una inteligente y laboriosa joven empeñada en hacer de Celestina de todas sus amistades. Cuando su institutriz, amiga y confidente decide contraer matrimonio, Emma Woodhouse se queda sola con sus propios sentimientos y se enfrenta al vacío de su vida y a la penosa tarea de intentar que los demás lleven una vida tan perfecta como la suya. Todos sus trabajos de manipulación sentimental crean a su alrededor una telaraña de enredos, malentendidos y confusiones que ponen a prueba su confianza en sí misma. Novela exquisita y espléndido retrato de la Inglaterra de provincias de principios del siglo XIX, Emma es una obra imperecedera y su protagonista ocupa uno de los lugares de honor en la galería de las heroínas inolvidables de la literatura universal.",https://ww3.lectulandia.co/book/emma/,Clásico,2026-09-06 12:58:24,https://assets.lectulandia.co/b/Jane%20Austen/Emma%20(4809)/big.jpg
El fantasma de la ópera,Gastón Leroux,"Clásico, Drama, Intriga",N/D,N/D,https://ww3.lectulandia.co/book/el-fantasma-de-la-opera/,Clásico,2026-09-06 12:58:27,https://assets.lectulandia.co/b/Gaston%20Leroux/El%20fantasma%20de%20la%20opera%20(4764)/big.jpg
Las hojas caídas,Wilkie Collins,"Clásico, Drama",N/D,"Amelius Goldenheart, tras haberse criado en una comunidad socialista cristiana en Estados Unidos, regresa a su Inglaterra natal para conocer mundo y alejarse del amor de una mujer con una misteriosa tragedia en su pasado. Con veintiún años, Amelius llega a Londres con una carta de presentación dirigida a John Farnaby y se enamora de su sobrina Regina. A pesar de los recelos de Farnaby, su esposa ve con muy buenos ojos al joven y le confía un secreto y una misión: encontrar a la hija recién nacida que le robaron hace dieciséis años. Paulatinamente, el joven Amelius se va implicando más en las desdichas de unas mujeres unidas por su relación con el joven y por los secretos del pasado; unas mujeres a las que, pese a sus intentos por encontrar la felicidad, la vida sólo les devuelve desgracias y decepciones; unas hojas caídas. En la Inglaterra victoriana, los ideales y principios de Amelius chocarán de frente con las estrictas normas de la sociedad en su intento por ayudar a esas hojas caídas. ¿Conseguirá superar los prejuicios y alcanzar la felicidad?",https://ww3.lectulandia.co/book/las-hojas-caidas/,Clásico,2026-09-06 12:58:30,https://assets.lectulandia.co/b/Wilkie%20Collins/Las%20hojas%20caidas%20(4778)/big.jpg
Cuentos completos,Vladimir Nabokov,"Clásico, Cuentos",N/D,"Se reúnen todos los relatos de uno de los mayores narradores del siglo XX. Estos cuentos exponen el impresionante abanico de su creatividad formal y técnica y revelan el fascinante progreso de su desarrollo artístico a la vez que nos recuerdan que estamos ante un verdadero maestro.«Aunque es cierto que iluminan la evolución de su proceso creativo y que nos proporcionan inestimables claves acerca de los temas y los métodos que utilizaría más tarde, los relatos de Vladimir Nabokov constituyen su obra más accesible. Incluso aquellos que están íntimamente ligados a alguna de las novelas tienen entidad y consistencia propia. Ofrecen una gratificación inmediata al lector independientemente de que éste se haya aventurado en la más compleja y procelosa escritura nabokoviana o en la historia personal del autor.»Por Dmitri Nabokov.",https://ww3.lectulandia.co/book/cuentos-completos-vladimir-nabokov/,Clásico,2026-09-06 12:58:33,https://assets.lectulandia.co/b/Vladimir%20Nabokov/Cuentos%20completos%20(4741)/big.jpg
El vampiro,John William Polidori,"Clásico, Fantástico, Relato",N/D,"El vampiro es el relato fundacional del género del «vampiro romántico». Polidori lo escribió en las tormentosas noches de verano, entre el 16 de junio y el 19 de junio de 1816, en Villa Diodati, junto con Lord Byron, Percy Shelley, Mary Shelley, la condesa Potocka y Matthew Lewis. El relato trata de exponer la fuerza del mito que hace que la gente común no crea en los vampiros, de ahí que el protagonista, Lord Ruthven, se aproveche de esta situación para cometer sus actos sanguinarios. Otra de las armas de Ruthven es su gran capacidad de seducción y su efectividad como lo que es, un vampiro, que destaca en el cruel final de este relato con el que Polidori transformó el personaje de vampiro del folclore en una personalidad aristocrática, causando gran impacto en la sociedad de la época.",https://ww3.lectulandia.co/book/el-vampiro/,Clásico,2026-09-06 12:58:36,https://assets.lectulandia.co/b/John%20William%20Polidori/El%20vampiro%20(4758)/big.jpg
Diferencia de la filosofía de la naturaleza en Demócrito y Epicuro,Karl Marx,"Clásico, Filosofía",N/D,"Diferencia de la filosofía de la naturaleza en Demócrito y Epicuro, también conocida como Diferencia de la filosofía de la naturaleza de Demócrito y Epicuro o Diferencia entre la filosofía de la naturaleza de Demócrito y Epicuro, la tesis que Karl Marx presentó en marzo del 1841 para obtener el título de doctor en la Universidad de Jena, en Bélgica, es un estudio comparativo que se sitúa en una distinción fundamental: el horizonte que ambos pensadores otorgan al carácter de la necesidad. Así, Demócrito limita su horizonte a la posibilidad real y a partir de allí deduce la necesidad. Es decir, que el hombre asume la realidad contingente del mundo como necesario y por ello le atribuye esencias. En contraposición, Epicuro no considera la existencia relativa como existencia absoluta: ""La realidad contingente sólo tiene valor de posibilidad, y la posibilidad abstracta es precisamente el antípoda de la posibilidad real. La segunda se contiene dentro de los límites definidos como el entendimiento: la primera es ilimitada como la fantasía"".",https://ww3.lectulandia.co/book/diferencia-de-la-filosofia-de-la-naturaleza-en-democrito-y-epicuro/,Clásico,2026-09-06 12:58:39,https://assets.lectulandia.co/b/Karl%20Marx/Diferencia%20de%20la%20filosofia%20de%20la%20natural%20(4759)/big.jpg
El retrato de Dorian Gray,Oscar Wilde,"Clásico, Terror",N/D,"Basil Hallward es un artista que queda enormemente impresionado por la belleza estética de un joven llamado Dorian Gray y comienza a encapricharse con él, creyendo que esta belleza es la responsable de la nueva forma de su arte. Basil pinta un retrato del joven. Charlando en el jardín de Basil, Dorian conoce a Lord Henry Wotton, un amigo de Basil, y empieza a cautivarse por la visión del mundo de Lord Henry. Exponiendo un nuevo tipo de hedonismo, Lord Henry indica que ""lo único que vale la pena en la vida es la belleza, y la satisfacción de los sentidos"". Al darse cuenta de que un día su belleza se desvanecerá, Dorian desea tener siempre la edad de cuando le pintó en el cuadro Basil. El deseo de Dorian se cumple, mientras él mantiene para siempre la misma apariencia del cuadro, la figura retratada envejece por él. Su búsqueda del placer lo lleva a una serie de actos de libertinaje y perversión; pero el retrato sirve como un recordatorio de los efectos de cada uno de los actos cometidos sobre su alma, con cada pecado la figura se va desfigurando y envejeciendo.",https://ww3.lectulandia.co/book/el-retrato-de-dorian-gray/,Clásico,2026-09-06 12:58:41,https://assets.lectulandia.co/b/Oscar%20Wilde/El%20retrato%20de%20Dorian%20Gray%20(4711)/big.jpg
Kokoro,Natsume Söseki,Clásico,N/D,"Kokoro es la recreación penetrante y desgarradora de la complejidad moral existente en las relaciones humanas donde hay tanto que queda sin decirse, incluso en los ámbitos más íntimos. En este sentido, los silencios de la obra, más elocuentes que las palabras, y las alusiones indirectas, sirven de puente al corazón de las cosas y de las personas. Un corazón observado tanto desde la especial perspectiva de la cultura japonesa, como desde la condición humana en general. Kokoro, que quiere decir precisamente corazón, es una lectura sobre el amor y la vida que se hace inolvidable por su sobria, poética intensidad.",https://ww3.lectulandia.co/book/kokoro/,Clásico,2026-09-06 12:58:45,https://assets.lectulandia.co/b/Natsume%20Soseki/Kokoro%20(4699)/big.jpg
Botchan,Natsume Söseki,Clásico,N/D,"Botchan es un indiscutible clásico de la moderna literatura japonesa y, desde hace más de cien años, una de las novelas más celebradas por los lectores de aquel país. Considerada el Huckleberry Finn nipón, y comparada también con El guardián entre el centeno, narra las aventuras de Botchan, un joven tokiota descreído y cínico, alter ego de Söseki, al que mandan como profesor a una escuela rural situada en la remota isla de Shikoku. En su nuevo destino pronto se topará con una serie de insólitos personajes, como el jefe de estudios «Camisarroja» o el «Calabaza», un triste profesor de ciencias de aspecto enfermizo y ánimo sombrío. Pero sobre todo se verá obligado a hacer frente a una auténtica caterva de fieros alumnos asilvestrados, que se consagrarán a hacerle la vida imposible. Perspicaz y penetrante, tierna y diferente, Botchan es una de las más hilarantes y entretenidas novelas japonesas de todos los tiempos.",https://ww3.lectulandia.co/book/botchan/,Clásico,2026-09-06 12:58:47,https://assets.lectulandia.co/b/Natsume%20Soseki/Botchan%20(4702)/big.jpg
Musashi,Eiji Yoshikawa,"Aventuras, Biografía, Clásico, Fantástico, Histórico",N/D,"Una saga épica monumental sobre la vida y andanzas del samurai más famoso de todos los tiempos y, a la vez, un clásico de las letras japonesas que se ha convertido en un auténtico best seller internacional: sólo en Japón lleva vendidos 120 millones de ejemplares.En 1600 tuvo lugar la batalla de Sekigahara, el conflicto final tras varias décadas de guerra civil, en la que Tokugawa Ieyasu se impuso como nuevo shôgun de Japón. En medio de la devastación y los miles de muertos recobró la conciencia un muchacho que, con la ingenuidad de la juventud, se había unido a la batalla soñando con llegar a ser samurai. Su regreso a casa, convertido en un fugitivo y acosado como un animal salvaje, marca el principio de una vida entregada al camino de la espada, la vida de un joven que renacería con el nombre de Musashi y cuyas hazañas se hicieron legendarias.La biografía de Miyamoto Musashi, la espada más célebre de la historia de Japón, sirve de base a una de las novelas más apasionantes que han dado las letras japonesas. Un libro de lectura compulsiva en el que brillan con luz propia los mejores recursos de una forma de narrar tan enérgica como eficaz y que permite al lector entender la tradición heroica japonesa.""El equivalente japonés de Lo que el viento se llevó. Edwin O. Reischauer.""Una saga emocionante... Una lectura que conmueve."" San Francisco Chronicle.""Vivo, sutil, imaginativo... Rebosante de personajes memorables, muchos de ellos históricos."" Publisher's Weekly.",https://ww3.lectulandia.co/book/musashi/,Clásico,2026-09-06 12:58:51,https://assets.lectulandia.co/b/Eiji%20Yoshikawa/Musashi%20(4632)/big.jpg
Guerra y paz (Ed. Muchnik),León Tolstói,"Clásico, Histórico",N/D,N/D,https://ww3.lectulandia.co/book/guerra-y-paz-ed-muchnik/,Clásico,2026-09-06 12:58:54,https://assets.lectulandia.co/b/Leon%20Tolstoi/Guerra%20y%20paz%20(Ed.%20Muchnik)%20(4633)/big.jpg
El barrio maldito,Félix Urabayen,"Clásico, Drama",N/D,"Escrita en 1925, El barrio Maldito trata sobre los «agotes», una minoría étnica de orígen incierto que habitaba en algunos valles navarros. También refleja el ambiente de la Navarra de hace un siglo, los Sanfermines, etc. Es una novela lírica y realista simultáneamente, que se lee con gran interés. Igualmente sugestivas resultan sus novelas de ambiente vasco Centauros del Pirineo, La última cigüeña, Estampas del camino, y Los robles navarros. Las demás novelas son de ambiente netamente toledano.",https://ww3.lectulandia.co/book/el-barrio-maldito/,Clásico,2026-09-06 12:58:58,https://assets.lectulandia.co/b/Felix%20Urabayen/El%20barrio%20maldito%20(4618)/big.jpg
Tiempo de silencio,Luis Martín-Santos,"Clásico, Drama",N/D,"El protagonista de la novela es Pedro, un joven médico investigador en Madrid a finales de la década de los 40. La paupérrima situación económica y social impiden el avance de las investigaciones sobre el cáncer que realiza en una cepa de ratones. Estos ratones habían sido traídos desde Estados Unidos y no se había podido mantener un ritmo de reproducción superior al de su muerte. Su ayudante en el laboratorio, Amador, había regalado meses antes algunos ejemplares a un pariente suyo, el Muecas. Este ha logrado criar estos ratones en su chabola con ayuda de sus hijas. Pedro y Amador acuden a esa chabola para recomprar algunos de esos ratones y poder continuar con las investigaciones. Tras esa visita Pedro entra en contacto con los bajos fondos de Madrid y el Muecas acude a él en su condición de médico cuando su hija mayor, Florita, se desangra debido a un aborto que le ha practicado en casa su padre. La chica muere cuando Pedro, que no ejerce la medicina, intenta salvarla. El protagonista se encuentra entonces perseguido por la policía, que acaba por detenerle y solo le libera cuando la esposa del Muecas explica lo ocurrido. Lo interesante de Tiempo de silencio no es su trama, que entronca con otras novelas de corte realista —especialmente con Baroja y su trilogía La lucha por la vida—, sino la forma de narrar. Martín-Santos se alejó de un estilo propio de la época, sencillo y árido, para armar un libro de resonancias clásicas, con un lenguaje cultivado y complejo, de prolijas descripciones, excursos culteranistas y diálogos empapados de clasicismo. Huelga decir que es una novela difícil en tanto al lenguaje se refiere, si bien la historia que se cuenta es tan sencilla (en su desarrollo narrativo, no en otros planos) como directa.",https://ww3.lectulandia.co/book/tiempo-de-silencio/,Clásico,2026-09-06 12:59:00,https://assets.lectulandia.co/b/Luis%20Martin-Santos/Tiempo%20de%20silencio%20(4619)/big.jpg
Senda hacia tierras hondas,Bashô Matsuo,"Clásico, Poesía, Relato",N/D,"«Senda hacia tierras hondas» es la nueva versión española de la inmortal obra de Matsuo Bashô «Oku no Hosomichi», traducida ahora del japonés por Antonio Cabezas. Escrita a raíz de un viaje poético y espiritual de más de dos mil kilómetros a pie, por zonas apenas transitadas de su país, la obra sigue el modelo de la renga, alternando momentos de gran intensidad con otros más suaves y remansados. Corresponde a la etapa final de la vida de Bashô, tras su conversión al budismo Zen. Nacido en 1644 y muerto en 1694, a los cincuenta años, Matsuo Bashô es uno de los más grandes maestros de la literatura japonesa y universal, y algunos de sus haikus, entre ellos los incluidos en su «Senda hacia tierras hondas», se cuentan entre los más hermosos jamás escritos.",https://ww3.lectulandia.co/book/senda-hacia-tierras-hondas/,Clásico,2026-09-06 12:59:04,https://assets.lectulandia.co/b/Matsuo%20Basho/Senda%20hacia%20tierras%20hondas%20(4577)/big.jpg
Lisístrata,Aristófanes,"Clásico, Humor, Teatro",N/D,"Cansadas de soportar las prolongadas ausencias del hogar que la guerra impone a los varones y de la consiguiente escasez de relaciones sexuales, las mujeres de toda la Hélade, convocadas en Atenas por Lisístrata, deciden hacer que tan incómoda situación obre en su favor, llevándola a sus últimos extremos. Para conseguir la paz fuera de sus casas declararán la guerra dentro de ellas: forzarán a los hombres a concertar la paz, negándose por completo a mantener relaciones sexuales con ellos mientras dure la guerra.",https://ww3.lectulandia.co/book/lisistrata/,Clásico,2026-09-06 12:59:06,https://assets.lectulandia.co/b/Aristofanes/Lisistrata%20(4581)/big.jpg
Alrededor de la luna,Julio Verne,"Aventuras, Clásico",N/D,Debes Iniciar sesión para escribir un comentario.,https://ww3.lectulandia.co/book/alrededor-de-la-luna/,Clásico,2026-09-06 12:59:10,https://assets.lectulandia.co/b/Julio%20Verne/Alrededor%20de%20la%20luna%20(4593)/big.jpg
Robin Hood,Anónimo,"Aventuras, Clásico",N/D,Debes Iniciar sesión para escribir un comentario.,https://ww3.lectulandia.co/book/robin-hood-2/,Clásico,2026-09-06 12:59:13,https://assets.lectulandia.co/b/Anonimo/Robin%20Hood%20(4601)/big.jpg
Don Juan Tenorio,José Zorrilla,"Clásico, Drama, Teatro",N/D,"Don Juan Tenorio es un drama romántico en dos partes publicado en 1844 por José Zorrilla. Constituye, junto con El burlador de Sevilla y convidado de piedra, atribuida a Tirso de Molina y de la que Don Juan Tenorio es deudora, una de las dos principales materializaciones literarias en lengua española del mito de Don Juan.",https://ww3.lectulandia.co/book/don-juan-tenorio/,Clásico,2026-09-06 12:59:15,https://assets.lectulandia.co/b/Jose%20Zorrilla/Don%20Juan%20Tenorio%20(4602)/big.jpg
Los tres mosqueteros,Alexandre Dumas,"Aventuras, Clásico",Las novelas de D’Artagnan,"La acción se sitúa durante el reinado de Luis XIII, en Francia. D’Artagnan es un joven de 18 años, hijo de un noble gascón, antiguo mosquetero, de escasos recursos económicos. Se dirige a París con una carta de su padre para el señor de Treville, jefe de los Mosqueteros del Rey. En una posada, durante su ruta, D’Artagnan desafía a un caballero que acompaña a una bella y misteriosa dama.",https://ww3.lectulandia.co/book/los-tres-mosqueteros/,Clásico,2026-09-06 12:59:18,https://assets.lectulandia.co/b/Alexandre%20Dumas/Los%20tres%20mosqueteros%20(4564)/big.jpg
De la Tierra a la Luna,Julio Verne,"Aventuras, Clásico",N/D,Debes Iniciar sesión para escribir un comentario.,https://ww3.lectulandia.co/book/de-la-tierra-a-la-luna/,Clásico,2026-09-06 12:59:21,https://assets.lectulandia.co/b/Julio%20Verne/De%20la%20Tierra%20a%20la%20Luna%20(4573)/big.jpg
Las furias,Pío Baroja,"Clásico, Histórico, Relato",Memorias de un hombre de acción,"Las Furias es un relato que comienza con el diario de un supuesto comerciante malagueño, Pepe Carmona y que recoge impresiones e ideas que le sugirió al novelista una visita a la ciudad mediterránea. El relato se desenvuelve todo el en ambiente mediterráneo: el de Tarragona, el de Barcelona,… Historias de amor mezcladas con pasión y tensión política. El supuesto diario culmina con el relato del asalto a la ciudadela de Barcelona y las matanzas que tuvieron lugar en ella. La segunda parte la constituye la versión que da Aviraneta de las causas internas o sacadas de la tragedia: lo pasional y romántico quedan sustituidos por la maniobra o intriga política oscurísima. El tercer relato, puesto otra vez en pluma de Pepe Carmona, se refiere a la revolución de Málaga en 1836, caso curioso de movimiento popular provocado por gente nada popular, con las muertes, de Saint Just y conde de Donadio como hechos más señalados. Aún hay un cuarto relato en que las figuras centrales son Narváez y una dama a la que galanteó de joven. La imagen de «Las furias» clásicas domina sobre todas las narraciones breves y dramáticas.",https://ww3.lectulandia.co/book/las-furias/,Clásico,2026-09-06 12:59:24,https://assets.lectulandia.co/b/Pio%20Baroja/Las%20furias%20(4576)/big.jpg
El amante,Marguerite Duras,"Clásico, Drama, Romántico",N/D,"Marguerite Duras, adolescente, en el período que ella reconstruye en este libro. Marguerite Duras se convierte de la noche a la mañana, con El amante, en una autora solicitada por todos los públicos. Y, además, recibe poco después, en noviembre de 1984. el prestigioso Premio Goncourt. A todos emociona sin duda esta narración autobiográfica en la que la autora expresa, con la intensidad del deseo, esa historia de amor entre una adolescente de quince años y un rico comerciante chino de veintiséis. Esa jovencita bellísima, pero pobre, que vive en Indochina, no es otra que la propia escritora quien, hoy, recuerda las relaciones apasionadas, de intensos amor y odio, que desgarraron a su familia y, de pronto, grabaron prematuramente en su rostro los implacables surcos de la madurez. Pocas personas —y en particular mujeres— permanecerán inmunes a la contagiosa pasión que emana de este libro.",https://ww3.lectulandia.co/book/el-amante/,Clásico,2026-09-06 12:59:27,https://assets.lectulandia.co/b/Marguerite%20Duras/El%20amante%20(4522)/big.jpg
La abadía de Northanger,Jane Austen,Clásico,N/D,"Publicada originalmente en 1818, La abadía de Northanger narra la historia de Catherine Morland, una joven ingenua y aficionada a la lectura de novelas góticas. Invitada por los Tilney, que erróneamente la consideran una rica heredera, a pasar una temporada en su casa de campo, se dedicará a investigar tortuosos e imaginarios secretos de familia. Pero cuando finalmente todo se aclare y comprenda que la vida no es una novela, la inocente Catherine pondrá los pies en la tierra y encauzará su futuro según dictan las normas morales y sociales.",https://ww3.lectulandia.co/book/la-abadia-de-northanger/,Clásico,2026-09-06 12:59:29,https://assets.lectulandia.co/b/Jane%20Austen/La%20abadia%20de%20Northanger%20(4524)/big.jpg
El extraño caso del Dr. Jekyll y Mr. Hyde,Robert Louis Stevenson,"Clásico, Terror",N/D,"'El extraño caso del Dr. Jekyll y Mr. Hyde' (en inglés 'Strange Case of Dr Jekyll and Mr Hyde'), a veces titulado simplemente 'El doctor Jekyll y el señor Hyde', es una novela escrita por Robert Louis Stevenson y publicada por primera vez en inglés en 1886, que trata acerca de un abogado, Gabriel John Utterson, que investiga la extraña relación entre su viejo amigo, el Dr. Henry Jekyll, y el misántropo Edward Hyde. El libro es conocido por ser una representación vívida de la psicopatología correspondiente a un desdoblamiento de personalidad. Fue un éxito inmediato y uno de los más vendidos de Stevenson. Las adaptaciones teatrales comenzaron en Boston y Londres un año después de su publicación y aún hoy continúa inspirando películas e interpretaciones interesantes.",https://ww3.lectulandia.co/book/el-extrano-caso-del-dr-jekyll-y-mr-hyde/,Clásico,2026-09-06 12:59:33,https://assets.lectulandia.co/b/Robert%20L.%20Stevenson/El%20extrano%20caso%20del%20Dr.%20Jekyll%20y%20Mr.%20Hyd%20(4538)/big.jpg
Más allá y otros cuentos,Horacio Quiroga,"Clásico, Cuentos, Drama, Fantástico, Romántico, Terror",N/D,"El último libro publicado en vida de Horacio Quiroga fue ‘Más allá’, colección de once cuentos de 1935. La crítica de su tiempo lo trató desfavorablemente, señalando que el autor, en sus postrimerías, retrocedía a la etapa inicial, a los viejos dioses modernistas del novecientos. En forma general, la apreciación puede ser justa, pero hay varias piezas que se cuentan entre las mejores del autor y que justifican largamente la lectura del volumen.",https://ww3.lectulandia.co/book/mas-alla-y-otros-cuentos/,Clásico,2026-09-06 12:59:36,https://assets.lectulandia.co/b/Horacio%20Quiroga/Mas%20alla%20y%20otros%20cuentos%20(4498)/big.jpg
Los desterrados y otros cuentos,Horacio Quiroga,"Clásico, Cuentos, Drama, Fantástico",N/D,"‘Los desterrados’, libro publicado en 1926, es considerado el más logrado y orgánico de Horacio Quiroga, verdadera cima de su trayectoria narrativa. Recoge ocho relatos, de ambientación agreste, cuyo tema central es la lucha entre la naturaleza y el hombre, la antítesis de civilización y barbarie. La crítica lo ha ponderado como un «contario»: un conjunto de cuentos que se relacionan y se complementan entre sí. Exceptuando el primero —única pieza fantástica del volumen—, los relatos comparten tiempo, escenarios y personajes; es decir, elementos de una historia reaparecen en otras con mayor o menor jerarquía, lo que otorga una fuerte coherencia a este mundo autobiográfico-ficcional.",https://ww3.lectulandia.co/book/los-desterrados-y-otros-cuentos/,Clásico,2026-09-06 12:59:40,https://assets.lectulandia.co/b/Horacio%20Quiroga/Los%20desterrados%20y%20otros%20cuentos%20(4499)/big.jpg
El desierto y otros cuentos,Horacio Quiroga,"Clásico, Cuentos, Drama, Fantástico, Romántico",N/D,"En 1924 Horacio Quiroga publica ‘El desierto’, colección con tres partes claramente diferenciadas. En la primera se recogen dos relatos de Misiones, a orillas del Paraná, un escenario tan querido por el autor. En la segunda, cuatro cuentos urbano-románticos, aunque dos de ellos con giros fantásticos que los diferencian de lo convencional. La última parte reúne cinco apólogos o fábulas, que exaltan el poder transformador de los sentimientos, sintetizando así el tema principal de la obra quiroguiana: el amor humaniza y el odio embrutece.",https://ww3.lectulandia.co/book/el-desierto-y-otros-cuentos/,Clásico,2026-09-06 12:59:42,https://assets.lectulandia.co/b/Horacio%20Quiroga/El%20desierto%20y%20otros%20cuentos%20(4500)/big.jpg
La cartuja de Parma,Stendhal,"Clásico, Relato",N/D,"La cartuja de Parma narra la historia del joven patricio italiano Fabrizio del Dongo y sus aventuras durante los últimos años del dominio napoleónico en Europa. Los hechos transcurren principalmente en la ciudad de Parma y en el castillo familiar del lago de Como. La tía de Fabrizio, la fascinante Gina, duquesa de Sanseverino, y su amante, el primer ministro del ducado, Conde Mosca, urden un plan para promocionar la carrera del adorado sobrino en la corte de Parma. Gina es objeto de las proposiciones del detestable príncipe Ranuccio-Ernesto IV, al que se ha jurado rechazar con todas sus fuerzas. Fabrizio es arrestado por homicidio y encerrado en la torre Farnese de la que logra fugarse con una soga y la ayuda de Clelia, la hija de su carcelero, de la que se enamorará irremediablemente durante su estancia en la torre.",https://ww3.lectulandia.co/book/la-cartuja-de-parma/,Clásico,2026-09-06 12:59:45,https://assets.lectulandia.co/b/Stendhal/La%20cartuja%20de%20Parma%20(4479)/big.jpg
Macbeth. Una tragedia en 5 actos,William Shakespeare,"Clásico, Teatro",N/D,"Una de las tragedias más conocidas de William Shakespeare. Macbeth es una obra tenebrosa e inquietante a la vez que vigorosa y fascinante, debido a su tratamiento dramático del mal, del mal que nace del ansia de poder. Macbeth cuenta la historia de un crimen y castigo, entreverada de brujería y elementos sobrenaturales, cuya acción vertiginosa mantiene el interés hasta el final. Pero una obra tan activa, es también profundamente introspectiva. En ella van paralelas la acción física con el torbellino de conciencias en las que se apoya. De esta forma la obra indaga en lo prohibido, explora la trasgresión mediante un lenguaje metafórico y sensorial único, el más denso lenguaje figurado de Shakespeare, con imágenes asociadas a las tinieblas, la muerte, la naturaleza quebrantada, la crueldad, la esterilidad (el alma llena de escorpiones, el recién nacido cabalgando a lomos de un caballo en la noche, la criatura sonriente arrancada del pecho de su madre). Un torbellino de imágenes que van impresionándose en la pupila del espectador, operando a través de símbolos que van conformando una lectura coherente. La altura poética e intelectual de Macbeth no oculta ni suaviza el mundo político concreto de sangre y violencia, ambición y deslealtad en que la acción se desenvuelve.",https://ww3.lectulandia.co/book/macbeth-una-tragedia-en-5-actos/,Clásico,2026-09-06 12:59:48,https://assets.lectulandia.co/b/William%20Shakespeare/Macbeth.%20Una%20tragedia%20en%205%20actos%20(4489)/big.jpg
Las mil y una noches (trad. de Juan Vernet),Anónimo,"Clásico, Fantástico, Poesía",N/D,"Las mil y una noches es una de las obras más importantes e influyentes de la literatura universal. Se trata de una recopilación de cuentos y leyendas de origen hindú, árabe y persa, de los cuales no existe un texto definitivo, sino múltiples versiones. El rey Schahriar, tras sufrir las infidelidades de su esposa, decide casarse cada día con una joven virgen que es ejecutada a la mañana siguiente para evitar así cualquier otra traición. Para impedir que todas las muchachas del reino mueran, la joven Scherezade se ofrece como voluntaria para casarse con el monarca, y utiliza su astucia para proponerle un pacto mediante el cual no podrá ser ejecutada hasta que no acabe de contarle una historia. Los cuentos que la componen se prolongarán a lo largo de mil y una noches, y acabarán por cautivar al monarca y disuadirle de su cruel empresa. Entre las ediciones españolas fundamentales están la que tradujo y editó Vicente Blasco Ibáñez, de la edición francesa de Joseph-Charles Mardrus (1889); y esta, del catedrático y arabista Juan Vernet, traducción directa del original árabe, más fiel con el original.",https://ww3.lectulandia.co/book/las-mil-y-una-noches-trad-de-juan-vernet/,Clásico,2026-09-06 12:59:52,https://assets.lectulandia.co/b/Anonimo/Las%20mil%20y%20una%20noches%20(trad.%20de%20Juan%20Vern%20(4448)/big.jpg
La peste,Albert Camus,"Clásico, Drama, Novela",N/D,"La peste narra las consecuencias del aislamiento de toda una ciudad, lo cual pone de manifiesto lo mejor y lo peor que cada uno de sus ciudadanos lleva dentro: sus miedos, traiciones, individualismo, pero también la solidaridad, la compasión, el espíritu de colaboración con el prójimo en tareas comunes... Novela apasionante, de gran densidad de pensamiento y de profunda comprensión del ser humano, se ha convertido en uno de los clásicos más indiscutibles de la literatura francesa de todos los tiempos y en uno de los más leídos.",https://ww3.lectulandia.co/book/la-peste/,Clásico,2026-09-06 12:59:54,https://assets.lectulandia.co/b/Albert%20Camus/La%20peste%20(4438)/big.jpg
Pequeño hombre ¿y ahora qué?,Hans Fallada,Clásico,N/D,"Alemania, finales de la década de 1920. A pesar de la mala situación económica por la que atraviesa el país, Johannes y Emma forman una pareja llena de ilusión que aborda la vida con entusiasmo. Por eso, cuando Emma se queda embarazada deciden casarse. Están seguros de que gracias a su amor podrán superarlo todo, pero pronto se dan cuenta de que la realidad es más dura de afrontar de lo que habían esperado. Cuando Johannes pierde su empleo, animados por la madre de este, se trasladan a Berlín, pero no encuentran en la familia la ayuda prometida y tienen que arreglárselas solos. El nacimiento de su pequeño les trae una gran alegría, aunque también añade nuevas dificultades a la vida de la joven pareja que, sin embargo, no pierde la esperanza.",https://ww3.lectulandia.co/book/pequeno-hombre-y-ahora-que/,Clásico,2026-09-06 12:59:56,https://assets.lectulandia.co/b/Hans%20Fallada/Pequeno%20hombre%20_y%20ahora%20que_%20(4444)/big.jpg
El fulgor y la sangre,Ignacio Aldecoa,"Clásico, Drama",N/D,"El fulgor y la sangre, finalista del Premio Planeta 1954, narra la tensa espera de unas mujeres, esposas de guardias civiles, que, situadas en un pueblo castellano, saben que hay entre los suyos un muerto en acto de servicio, ignorándose de momento quién pueda ser. Mediante una precisa alternancia del presente y el pasado, desfilan ante el lector las lentas horas de congoja, las pequeñas humillaciones de la vida diaria y los recuerdos de la guerra civil que persiguen a cada uno de los personajes, con sus temores e insatisfacciones. Son apenas ocho o nueve horas de un día de verano en las que el tedio de un presente sumido en la depresiva y taciturna vida cuartelera se une al moroso sondeo de la memoria. Su alternancia desvela la miseria, la sordidez y los descalabros físicos y morales de la guerra civil y la posguerra. Aldecoa consigue en El fulgor y la sangre la máxima temperatura sensorial, en una singularidad testimonial matizada por la fusión de elementos trágicos y grotescos.",https://ww3.lectulandia.co/book/el-fulgor-y-la-sangre/,Clásico,2026-09-06 12:59:59,https://assets.lectulandia.co/b/Ignacio%20Aldecoa/El%20fulgor%20y%20la%20sangre%20(4446)/big.jpg
Ana Karenina,León Tolstói,"Clásico, Drama",N/D,"Ana Karenina es la historia de una pasión. La protagonista es un personaje inquietante y fascinador por la intensidad de su vida. Tolstoi, buen psicólogo y conocedor del mundo que le rodea, abre la intimidad de Ana y traza con pulso firme la trama de esta novela, una obra imperecedera por su hondura, su fuerza y su veracidad. En la novela, Tolstoi utiliza los mismos métodos creativos realistas que en sus primeras obras, pero presenta una unidad artística mucho más sólida, y la exuberancia deja paso al pesimismo. El autor se reafirma en sus creencias y en su idea crítica respecto a la vida urbana, ahogada por la superficialidad.",https://ww3.lectulandia.co/book/ana-karenina/,Clásico,2026-09-06 13:00:03,https://assets.lectulandia.co/b/Leon%20Tolstoi/Ana%20Karenina%20(4419)/big.jpg
Anna Karénina (Ed. Alba 2010),León Tolstói,"Clásico, Drama",N/D,N/D,https://ww3.lectulandia.co/book/anna-karenina-ed-alba-2010/,Clásico,2026-09-06 13:00:05,https://assets.lectulandia.co/b/Leon%20Tolstoi/Anna%20Karenina%20(Ed.%20Alba%202010)%20(4420)/big.jpg
Guerra y paz,León Tolstói,"Clásico, Histórico, Relato",N/D,"Pocas veces tenemos la oportunidad de leer una versión distinta de un clásico indiscutible. Hasta ahora, todas las traducciones de Guerra y paz se basaban en la edición canónica de 1873. Fue en 1983 cuando la Academia Soviética de Ciencias publicó lo que ellos llamaron la «edición original», la primera versión que Tolstói escribió en 1866 y que ahora publicamos por primera vez en castellano, en la espléndida traducción de Gala Arias Rubio.",https://ww3.lectulandia.co/book/guerra-y-paz/,Clásico,2026-09-06 13:00:09,https://assets.lectulandia.co/b/Leon%20Tolstoi/Guerra%20y%20paz%20(4421)/big.jpg
Persuasión,Jane Austen,"Clásico, Romántico",N/D,"Es la historia del romance de Anne, la hija menor del fatuo Sir Walter Elliot, bonita y sociable, que encuentra a su héroe, el Capitán Wenworth, a pesar de las barreras sociales. La vanidad y los prejuicios de una aristocrática familia se interponen en el amor profundo y sincero de la joven pareja. Anne fue educada por una amiga al morir su madre. Su gratitud hacia la elegante dama la empuja a escuchar los consejos que le impedirán unirse al hombre que ama, un oficial de marina de poca fortuna. De esta forma, enfrenta largos años de soledad en los que la belleza y el resplandor de la juventud van mermando, pero no así su carácter dulce y bondadoso que, junto a su inteligencia, consolida la personalidad de una atractiva mujer, preparada tanto para las situaciones adversas como para la maravillosa segunda oportunidad del destino.",https://ww3.lectulandia.co/book/persuasion/,Clásico,2026-09-06 13:00:13,https://assets.lectulandia.co/b/Jane%20Austen/Persuasion%20(4391)/big.jpg
El enfermo imaginario,Molière,"Clásico, Teatro",N/D,"El 17 de febrero de 1673. Moliére caracterizaba a Argan, el protagonista de su obra el enfermo imaginario, cuando en la escena final le sobrevino un ataque y falleció pocas horas después. En su última obra, el dramaturgo francés presenta a ese tipo de enfermo imaginario que ha existido siempre: aquel que estando totalmente sano se siente enfermo, se cree débil y lleno de achaques y se cuida -al mismo tiempo que se hace cuidar- extremadamente para aliviar esos males que imagina. Y exige que todos los que viven junto a él giren alrededor de su enfermedad. A pesar de sus muchas escenas caricaturescas y divertidas. El enfermo imaginario es una comedia dramática. Argan, en su egoísmo, es la imagen de la incomprensión; procede injustamente, y hasta en forma perversa, con su hija, sin importarle sacrificar su felicidad. El desenlace es sencillo y natural, y las escenas finales son hábiles y cuidadosas. Todo ello y la maestría del autor para enfocar el tema central explican la vigencia actual de esta obra que tiene ya varios siglos.",https://ww3.lectulandia.co/book/el-enfermo-imaginario/,Clásico,2026-09-06 13:00:15,https://assets.lectulandia.co/b/Moliere/El%20enfermo%20imaginario%20(4344)/big.jpg
Retorno a Brideshead,Evelyn Waugh,"Clásico, Otros, Religión",N/D,"Considerada por la revista TIME una de las cien mejores novelas de todos los tiempos, la comprensión de Retorno a Brideshead requiere ciertas claves interpretativas, algunas de ellas proporcionadas por Evelyn Waugh en el prefacio de la obra, que ofrece “a una generación de lectores jóvenes más bien como un recuerdo de la segunda guerra mundial que de los años veinte o treinta, en los que aparentemente se desarrolla la historia“. Escrito el libro en los años 1943/44, con ocasión de una convalecencia que alejó al autor de los frentes de la batalla, el rechazo psicológico de restricciones y privaciones se traducirá en el sibaritismo de los protagonistas y su entorno. Asimismo, el marco de referencia, una impresionante mansión nobiliaria en la campiña inglesa, obedecía a la oposición al abandono, deterioro y maltrato de estos monumentos, cuya continuidad se hallaba entonces seriamente comprometida. Faltan, empero referencias explicativas de la elección del tema central o de la estancia en Oxford con que se inicia la trama. El argumento axial, la manifestación de la gracia divina (arrepentimiento final de Lord Marchmain, adiós definitivo de Julia a Charles o, la “llamita rojiza“ ante el sagrario, causante de que el agnóstico Charles Ryder acabe por parecer “mucho más contento que de costumbre“), guarda, sin duda, estrecha relación con la conversión al catolicismo del propio Evelyn Waugh. Resonancia autobiográficas poseen también los años en Oxford, universidad en la que Waugh en Historia Moderna, precisamente en la Facultad en la que se inscribe Charles Ryder. En cuanto a la ambigua amistad de Sebastian Flyte y Charles Ryder, es de resaltar la valoración que de la misma hace Cora, la mundana y experimentada amante de Lord Marchmain. En este terreno, las trayectorias de ambos amigos no sólo resultarán divergentes sino opuestas. Por último, subrayemos que la extraordinaria novela ha sido argumento de una de las mejores y más logradas series televisivas inglesas, con actores y ambientaciones de excepcional calidad.",https://ww3.lectulandia.co/book/retorno-a-brideshead/,Clásico,2026-09-06 13:00:18,https://assets.lectulandia.co/b/Evelyn%20Waugh/Retorno%20a%20Brideshead%20(4365)/big.jpg
El capote (Trad. Irene Tchernova),Nikolái Gógol,"Clásico, Relato",N/D,"Aunque por su corta extensión esta obra sea difícil considerarla una novela, es tan completa en su trama y tan rica en metáforas y significado que merece consideración especial. Desde mi punto de vista es uno de los mejores cuentos de todos los tiempos. 'El capote', publicado en 1842, es un cuento clásico para disfrutar y, sobre todo, para quienes se reconozcan como aspirantes a cuentistas. Tiene el mérito de haber sido destacado por el mismo Dostoievski, como un cuento canónico, en su conocida frase: ""Todos crecimos bajo el capote de Gogol"". Es una historia dramática, la adquisición y pérdida de un abrigo nuevo por un funcionario con recursos escasos, pero uno puede crearle múltiples lecturas; una, considerarla como una metáfora. Akakiy Akakiyevich logra en un momento de su vida apasionarse por algo. Encuentra el deseo, logra esa fiebre magnífica de desear algo. Es condición que ese algo sea contingente, una nada enmascarada que desaparecerá. Finalmente la pasión por su nuevo capote le dará un sentido a esa vida gris e imposibilitada y el lector podrá solidarizarse con el protagonista. La humanidad y la ternura de esta historia son de carácter universal. Hay quienes pueden reinventarse capotes por los que apasionarse en cada tramo de su vida, quienes renuevan su capote insistentemente, y sin haberlo previsto, dejan por herencia el puro afán de procurarse abrigos. Eso de lo incesante de la vida es el deseo, la herencia estructurante y mayor.",https://ww3.lectulandia.co/book/el-capote-trad-irene-tchernova/,Clásico,2026-09-06 13:00:20,https://assets.lectulandia.co/b/Nikolai%20V.%20Gogol/El%20capote%20(Trad.%20Irene%20Tchernova)%20(4301)/big.jpg
El capote (Trad. Víctor Gallego),Nikolái Gógol,"Clásico, Relato",N/D,"Aunque por su corta extensión esta obra sea difícil considerarla una novela, es tan completa en su trama y tan rica en metáforas y significado que merece consideración especial. Desde mi punto de vista es uno de los mejores cuentos de todos los tiempos. El capote, publicado en 1842, es un cuento clásico para disfrutar y, sobre todo, para quienes se reconozcan como aspirantes a cuentistas. Tiene el mérito de haber sido destacado por el mismo Dostoievski, como un cuento canónico, en su conocida frase: “Todos crecimos bajo el capote de Gogol”. Es una historia dramática, la adquisición y pérdida de un abrigo nuevo por un funcionario con recursos escasos, pero uno puede crearle múltiples lecturas; una, considerarla como una metáfora. Akakiy Akakiyevich logra en un momento de su vida apasionarse por algo. Encuentra el deseo, logra esa fiebre magnífica de desear algo. Es condición que ese algo sea contingente, una nada enmascarada que desaparecerá. Finalmente la pasión por su nuevo capote le dará un sentido a esa vida gris e imposibilitada y el lector podrá solidarizarse con el protagonista. La humanidad y la ternura de esta historia son de carácter universal. Hay quienes pueden reinventarse capotes por los que apasionarse en cada tramo de su vida, quienes renuevan su capote insistentemente, y sin haberlo previsto, dejan por herencia el puro afán de procurarse abrigos. Eso de lo incesante de la vida es el deseo, la herencia estructurante y mayor.",https://ww3.lectulandia.co/book/el-capote-trad-victor-gallego/,Clásico,2026-09-06 13:00:24,https://assets.lectulandia.co/b/Nikolai%20V.%20Gogol/El%20capote%20(Trad.%20Victor%20Gallego)%20(4302)/big.jpg
Callejón sin salida,Charles Dickens,"Clásico, Drama, Intriga",N/D,"En el Londres de mediados del siglo XIX, la vida cotidiana de un joven hombre de negocios se complica de forma repentina. Una difícil promesa hecha a un amigo, la traición de alguien en quien confía y el deseo de ser digno de su amada van a dar un giro a su existencia. Callejón sin salida es una fascinante novela de intriga, pero, sobre todo, es el fruto más destacado de la singular amistad y colaboración literaria de sus autores. Durante el proceso de creación, Dickens y Collins trabajaron cada capítulo casi de forma artesanal, construyendo un relato de tensa trama en el que se funden el amor, la crítica social, el humor, la ironía, la aventura y el drama, hasta culminar en un inesperado desenlace. Una vez leída esta obra admirable, se confirma la impresión de que cada autor ha aportado lo mejor de su oficio. Ahí están, sin duda, el maestro del suspense Wilkie Collins, y el genial pintor de caracteres que es Charles Dickens.",https://ww3.lectulandia.co/book/callejon-sin-salida/,Clásico,2026-09-06 13:00:27,https://assets.lectulandia.co/b/Charles%20Dickens/Callejon%20sin%20salida%20(4273)/big.jpg
Sherlock Holmes. La colección completa,Arthur Conan Doyle,"Clásico, Intriga, Policíaco, Recopilación",Sherlock Holmes,"Sherlock Holmes, personaje ficticio creado en 1887 por Sir Arthur Conan Doyle, es un «detective asesor» en el Londres de finales del siglo XIX, que destaca por su inteligencia y hábil uso de la observación y el razonamiento deductivo para resolver casos difíciles. Es protagonista de una serie de 4 novelas y 56 relatos de ficción, que componen el «canon holmesiano», publicados en su mayoría por ""The Strand Magazine""",https://ww3.lectulandia.co/book/sherlock-holmes-la-coleccion-completa/,Clásico,2026-09-06 13:00:30,https://assets.lectulandia.co/b/Arthur%20Conan%20Doyle/Sherlock%20Holmes.%20La%20coleccion%20completa%20(4275)/big.jpg
Robinson Crusoe,Daniel Defoe,"Aventuras, Clásico",N/D,N/D,https://ww3.lectulandia.co/book/robinson-crusoe/,Clásico,2026-09-06 13:00:32,https://assets.lectulandia.co/b/Daniel%20Defoe/Robinson%20Crusoe%20(4281)/big.jpg
El sabueso de los Baskerville,Arthur Conan Doyle,"Clásico, Intriga, Policíaco",Sherlock Holmes,N/D,https://ww3.lectulandia.co/book/el-sabueso-de-los-baskerville/,Clásico,2026-09-06 13:00:36,https://assets.lectulandia.co/b/Arthur%20Conan%20Doyle/El%20sabueso%20de%20los%20Baskerville%20(4282)/big.jpg
Anaconda,Horacio Quiroga,"Clásico, Cuentos, Drama, Fantástico, Romántico, Terror",N/D,N/D,https://ww3.lectulandia.co/book/anaconda-y-otros-cuentos/,Clásico,2026-09-06 13:00:38,https://assets.lectulandia.co/b/Horacio%20Quiroga/Anaconda%20y%20otros%20cuentos%20(4284)/big.jpg
El salvaje y otros cuentos,Horacio Quiroga,"Clásico, Cuentos, Drama, Fantástico, Romántico",N/D,"Horacio Quiroga, maestro indiscutido del relato latinoamericano, quiso frecuentemente compaginar sus libros con «cuentos de todos los colores»: diversidad de atmósferas, ambientes, temas y aun líneas ficcionales. Este volumen —reunión de relatos publicados anteriormente en revistas rioplatenses, entre 1906 y 1919— es una buena muestra de ello: se alternan metrópoli (Buenos Aires, París) y medio rural (Misiones, el Paraná), historias románticas de folletín, alegoría, realismo fotográfico, ecos modernistas, e incursiones en lo fantástico, como en el propio cuento que da nombre al libro.",https://ww3.lectulandia.co/book/el-salvaje-y-otros-cuentos/,Clásico,2026-09-06 13:00:41,https://assets.lectulandia.co/b/Horacio%20Quiroga/El%20salvaje%20y%20otros%20cuentos%20(4285)/big.jpg
Cumbres borrascosas,Emily Brontë,"Clásico, Drama, Romántico",N/D,"La poderosa y hosca figura de Heathcliff domina Cumbres Borrascosas, novela apasionada y tempestuosa cuya sensibilidad se adelantó a su tiempo. Los brumosos y sombríos páramos de Yorkshire son el singular escenario donde se desarrolla con fuerza arrebatadora esta historia de venganza y odio, de pasiones desatadas y amores desesperados que van más allá de la muerte y que hacen de ella una de las obras más singulares y atractivas de todos los tiempos.",https://ww3.lectulandia.co/book/cumbres-borrascosas/,Clásico,2026-09-06 13:00:44,https://assets.lectulandia.co/b/Emily%20Bronte/Cumbres%20borrascosas%20(4259)/big.jpg
El valle del terror,Arthur Conan Doyle,"Clásico, Intriga, Policíaco",Sherlock Holmes,N/D,https://ww3.lectulandia.co/book/el-valle-del-terror/,Clásico,2026-09-06 13:00:47,https://assets.lectulandia.co/b/Arthur%20Conan%20Doyle/El%20valle%20del%20terror%20(4262)/big.jpg
El sabor de la venganza,Pío Baroja,"Clásico, Histórico, Relato",Memorias de un hombre de acción,"El sabor de la venganza se fecha en Madrid, entre 1920 y 1921. El supuesto narrador, Don Pedro Leguía, recoge la de Aviraneta, ya en la extrema vejez, hacia 1870 sus recuerdos de fechas distintas: los primeramente relatados se centran en la época en que fue procesado y preso en la cárcel de Corte; 1834. La vida carcelaria da ocasión al novelista para hacer desfilar a una serie de tipos extremados, desde el angélico Padre Anselmo a matones y facinerosos. Tras la descripción narra el relato de una intriga en que aparecen personajes reales, entre ellos el policía Francisco García Chico. Como consecuencia de esta historia, en la segunda parte, que pasa en 1854, cuando la revolución madrileña, se describe la muerte del mismo policía a manos del pueblo, Baroja utilizó recuerdos de personas que habían sido testigos del terrible final de aquél. Fue otra ocasión en que Aviraneta estuvo en la cárcel. La tercera parte del volumen titulada, «La casa de la calle de la Misericordia», está basada, ante todo, en la impresión que produjo al novelista el hecho de haber vivido bastantes años en la antigua residencia de los capellanes de las Descalzas Reales, de Madrid, Misericordia 2. El carácter complicado, y tétrico del viejo edificio le dio pie para poblarlo de personajes también siniestros y para fabular una historia romántica, que termina en crimen. Por eso este relato se publicó aislado en 1926, con el título de «La casa del crimen» como número primero de «La novela mundial». El penúltimo relato del volumen es otro episodio carcelario de 1834 y el último un vivo episodio político que termina con la huida de Aviraneta basado en escritos de este.",https://ww3.lectulandia.co/book/el-sabor-de-la-venganza/,Clásico,2026-09-06 13:00:50,https://assets.lectulandia.co/b/Pio%20Baroja/El%20sabor%20de%20la%20venganza%20(4213)/big.jpg
Por el camino de Swann,Marcel Proust,"Clásico, Relato",En busca del tiempo perdido,"Para muchos historiadores y críticos, EN BUSCA DEL TIEMPO PERDIDO no sólo es una obra cumbre de las letras francesas del siglo xx, sino también una de las más grandes creaciones literarias de todas las épocas, en la que la trasposición en el relato de la vida de Marcel Proust (1871-1922), así como de personajes y ambientes sociales de su tiempo, se pone al servicio de un propósito radicalmente innovador del género novelístico. POR EL CAMINO DE SWANN es el primer volumen de la serie que completan, por este orden, «A la sombra de las muchachas en flor», «El mundo de Guermantes», «Sodoma y Gomorra», «La prisionera», «La fugitiva» y «El tiempo recobrado». Marcel, joven hipersensible perteneciente a una familia burguesa de París de principios del siglo XX, quiere ser escritor. Sin embargo, las tentaciones mundanas le desvían de su primer objetivo; atraído por el falso brillo de la aristocracia o de los lugares de veraneo de moda (como Balbec, ciudad imaginaria de la costa normanda), crece a la vez que descubre el mundo, el amor, y la existencia de la homosexualidad. La enfermedad y la guerra, que le apartarán del mundo, también propiciarán que tome conciencia de la extrema vanidad de las tentaciones mundanas y de su aptitud para llegar a ser escritor y ser capaz de fijar el tiempo perdido.",https://ww3.lectulandia.co/book/por-el-camino-de-swann/,Clásico,2026-09-06 13:00:53,https://assets.lectulandia.co/b/Marcel%20Proust/Por%20el%20camino%20de%20Swann%20(4218)/big.jpg
Manalive,Gilbert Keith Chesterton,"Clásico, Otros",N/D,"Manalive trata la eterna lucha del hombre científico empirista enfrentado al hombre religioso metafísico. El cálculo sobre la realidad contra lo mágico de la realidad. Todo empieza en una casa de las afueras de Londres donde viven unos inquilinos variopintos. Entre ellos se encuentran tres hombres (de profesiones científicas) hablando en el jardín cuando irrumpe saltando el muro el señor Smith, vestido de verde y a la caza de su sombrero. Este hecho marcará toda la novela: la aparición de un personaje misterioso dentro del ámbito de la casa de la señora propietaria. Chesterton juega con la provocación que supone encontrarse con un hombre ante el que uno se pregunta: ¿y tú quién eres? Este es la dinámica del acontecimiento, propia del cristianismo, que él utiliza para ver la reacción que genera a la razón y al corazón de los hombres. Un acontecimiento, el Sr. Smith, despertará a todos los personajes para vivir su vida más a fondo. Su manera de tratar las cosas, las personas, su vestimenta, su equipaje, sus gestos, todo él es algo nuevo dentro de algo viejo (un hombre como cualquier otro). Su modo de estar despertará el yo de cada uno de los personajes, y estos desearán vivir con la misma intensidad como con la que tienen junto a su presencia. Pero la novela es más que esto. Se descubre el pasado del señor Smith justo cuando éste quiere casarse con una de las jóvenes de la casa. Esto iniciará un juicio dentro de la misma casa (Chesterton aquí populariza sus ideas políticas y su interpretación de la sociedad) en el que se estudiará y valorará el pasado del señor Smith. En este pasado parece haber robos, secuestros e incluso asesinatos (algo posible, ya que Mr. Smith lleva consigo un revólver). La novela adquiere un tono misterioso y a la vez apasionante, ya que todo dentro de su ámbito se convierte en una aventura. Por eso el “Hombre Vivo” es aquel que pone en riesgo su vida, y no el que la guarda; es el que pierde la familia para reencontrarla; el que abandona a la mujer para pedirle otra vez matrimonio. El señor Smith no solo simboliza al hombre vivo, sino también al hombre común. Así Chesterton juega con su apellido, ya que es uno de los apellidos más populares en lengua inglesa. De esta manera tenemos delante a ese héroe cotidiano, el que lucha para que su vida tenga sentido en cada uno de sus ámbitos: trabajo, casa, amigos, estudios…, el que no abandona, como hacemos los hombres de nuestro tiempo, nuestro deseo de Verdad, Belleza y Vida en cada uno de los instantes de nuestra existencia.",https://ww3.lectulandia.co/book/manalive/,Clásico,2026-09-06 13:00:57,https://assets.lectulandia.co/b/Gilbert%20Keith%20Chesterton/Manalive%20(4219)/big.jpg
Cuentos de amor de locura y de muerte,Horacio Quiroga,"Clásico, Cuentos, Drama, Fantástico, Romántico, Terror",N/D,"‘Cuentos de amor de locura y de muerte’ —sin la coma que haría creer en una simple enumeración de categorías— es el libro que Horacio Quiroga publicó en 1917, reuniendo narraciones de los quince años anteriores, y que significó su consagración como uno de los cuentistas más vigorosos y creativos del ámbito latinoamericano. Escritos alrededor de los temas que obsesionaban al autor, como la fuerza invencible de la naturaleza o el misterio de las relaciones humanas, estos relatos dan testimonio de las dos modalidades que Quiroga cultivó con maestría: por un lado, los cuentos que saben construir un clima que envuelve al lector desde las primeras líneas y, por otro, los que se encaminan inexorablemente hacia un final impactante, donde los protagonistas se enfrentan a un instante que puede ser lúgubre, misterioso, macabro o insólito, pero siempre definitivo.",https://ww3.lectulandia.co/book/cuentos-de-amor-de-locura-y-de-muerte/,Clásico,2026-09-06 13:01:01,https://assets.lectulandia.co/b/Horacio%20Quiroga/Cuentos%20de%20amor%20de%20locura%20y%20de%20muerte%20(4187)/big.jpg
El Periquillo Sarniento,José Joaquín Fernández de Lizardi,"Aventuras, Clásico, Humor",N/D,"Pedro Sarmiento, el singular personaje al que llaman Periquillo, nos cuenta en primera persona las diversas aventuras en las que va pasando de amo en amo y de un oficio a otro, esta situación que desarrolla la obra es característica del género picaresco. Así comienza relatándonos su niñez, donde aparecen sus padres, sus primeras experiencias en escuelas y con maestros; luego, sus cursos universitarios de filosofía en el antiguo colegio de San Ildefonso y sus comentarios sobre la vida estudiantil y su posterior vida adulta donde se ve envuelto en situaciones comprometedoras. En esta novela, primera del género escrita en México y Latinoamérica, publicada en 1816, su autor, Fernández de Lizardi llama la atención sobre los males y lacras de la sociedad mexicana en su época. La intención es educar al pueblo, señalarle sus errores para así reformar y mejorar la sociedad.",https://ww3.lectulandia.co/book/el-periquillo-sarniento/,Clásico,2026-09-06 13:01:04,https://assets.lectulandia.co/b/Jose%20Joaquin%20Fernandez%20de%20Lizardi/El%20Periquillo%20Sarniento%20(4196)/big.jpg
Las mil y una noches,Anónimo,"Aventuras, Clásico, Fantástico",N/D,"Las mil y una noches es una de las obras más importantes e influyentes de la literatura universal. Se trata de una recopilación de cuentos y leyendas de origen hindú, árabe y persa, de los cuales no existe un texto definitivo, sino múltiples versiones. El rey Schahriar, tras sufrir las infidelidades de su esposa, decide casarse cada día con una joven virgen que es ejecutada a la mañana siguiente para evitar así cualquier otra traición. Para impedir que todas las muchachas del reino mueran, la joven Scherezade se ofrece como voluntaria para casarse con el monarca, y utiliza su astucia para proponerle un pacto mediante el cual no podrá ser ejecutada hasta que no acabe de contarle una historia. Los cuentos que la componen se prolongarán a lo largo de mil y una noches, y acabarán por cautivar al monarca y disuadirle de su cruel empresa.",https://ww3.lectulandia.co/book/las-mil-y-una-noches/,Clásico,2026-09-06 13:01:07,https://assets.lectulandia.co/b/Anonimo/Las%20mil%20y%20una%20noches%20(4160)/big.jpg
Cuentos de la selva para los niños,Horacio Quiroga,"Clásico, Cuentos, Infantil y juvenil",N/D,"Influido por la selva de Misiones, donde pasó muchos años de su vida, Horacio Quiroga escribió estos relatos, llenos de fantasía, humor y ternura, sobre animales personificados. Una tortuga gigante y agradecida, unos flamencos presuntuosos, un loro parlanchín, una pequeña gama que pierde la vista y una abeja que aprende el valor del trabajo son algunos de los protagonistas de los cuentos que Quiroga compuso primero para sus hijos y que luego se convirtieron en un clásico de la literatura infantil mundial.",https://ww3.lectulandia.co/book/cuentos-de-la-selva-para-los-ninos/,Clásico,2026-09-06 13:01:10,https://assets.lectulandia.co/b/Horacio%20Quiroga/Cuentos%20de%20la%20selva%20para%20los%20ninos%20(4182)/big.jpg
Tesis sobre Feuerbach,Karl Marx,"Clásico, Filosofía",N/D,Debes Iniciar sesión para escribir un comentario.,https://ww3.lectulandia.co/book/tesis-sobre-feuerbach/,Clásico,2026-09-06 13:01:12,https://assets.lectulandia.co/b/Karl%20Marx/Tesis%20sobre%20Feuerbach%20(4131)/big.jpg
Sin nombre,Wilkie Collins,"Clásico, Drama",N/D,Debes Iniciar sesión para escribir un comentario.,https://ww3.lectulandia.co/book/sin-nombre/,Clásico,2026-09-06 13:01:15,https://assets.lectulandia.co/b/Wilkie%20Collins/Sin%20nombre%20(4111)/big.jpg
Confesiones de un bribón,Wilkie Collins,"Clásico, Ensayo",N/D,Debes Iniciar sesión para escribir un comentario.,https://ww3.lectulandia.co/book/confesiones-de-un-bribon/,Clásico,2026-09-06 13:01:19,https://assets.lectulandia.co/b/Wilkie%20Collins/Confesiones%20de%20un%20bribon%20(4070)/big.jpg
Doble engaño,Wilkie Collins,"Clásico, Drama",N/D,Debes Iniciar sesión para escribir un comentario.,https://ww3.lectulandia.co/book/doble-engano/,Clásico,2026-09-06 13:01:22,https://assets.lectulandia.co/b/Wilkie%20Collins/Doble%20engano%20(4075)/big.jpg
Primeras canciones,Federico García Lorca,"Clásico, Poesía",N/D,Debes Iniciar sesión para escribir un comentario.,https://ww3.lectulandia.co/book/primeras-canciones/,Clásico,2026-09-06 13:01:24,https://assets.lectulandia.co/b/Federico%20Garcia%20Lorca/Primeras%20canciones%20(4078)/big.jpg
El hombre de negro,Wilkie Collins,"Clásico, Intriga",N/D,Debes Iniciar sesión para escribir un comentario.,https://ww3.lectulandia.co/book/el-hombre-de-negro/,Clásico,2026-09-06 13:01:27,https://assets.lectulandia.co/b/Wilkie%20Collins/El%20hombre%20de%20negro%20(4082)/big.jpg
Cuentos de Canterbury,Geoffrey Chaucer,"Clásico, Cuentos",N/D,N/D,https://ww3.lectulandia.co/book/cuentos-de-canterbury/,Clásico,2026-09-06 13:01:29,https://assets.lectulandia.co/b/Geoffrey%20Chaucer/Cuentos%20de%20Canterbury%20(3997)/big.jpg
La ley y la dama,Wilkie Collins,"Clásico, Intriga",N/D,Debes Iniciar sesión para escribir un comentario.,https://ww3.lectulandia.co/book/la-ley-y-la-dama/,Clásico,2026-09-06 13:01:33,https://assets.lectulandia.co/b/Wilkie%20Collins/La%20ley%20y%20la%20dama%20(3966)/big.jpg
Apología de Sócrates,Platón,"Clásico, Filosofía",N/D,N/D,https://ww3.lectulandia.co/book/apologia-de-socrates/,Clásico,2026-09-06 13:01:36,https://assets.lectulandia.co/b/Platon/Apologia%20de%20Socrates%20(3973)/big.jpg
Armadale,Wilkie Collins,"Clásico, Intriga",N/D,N/D,https://ww3.lectulandia.co/book/armadale/,Clásico,2026-09-06 13:01:39,https://assets.lectulandia.co/b/Wilkie%20Collins/Armadale%20(3980)/big.jpg
El legado de Caín,Wilkie Collins,"Clásico, Drama, Intriga",N/D,Debes Iniciar sesión para escribir un comentario.,https://ww3.lectulandia.co/book/el-legado-de-cain/,Clásico,2026-09-06 13:01:42,https://assets.lectulandia.co/b/Wilkie%20Collins/El%20legado%20de%20Cain%20(3981)/big.jpg
La historia de Genji,Murasaki Shikibu,Clásico,N/D,N/D,https://ww3.lectulandia.co/book/la-historia-de-genji/,Clásico,2026-09-06 13:01:44,https://assets.lectulandia.co/b/Murasaki%20Shikibu/La%20historia%20de%20Genji%20(3943)/big.jpg
"¡Absalón, Absalón!",William Faulkner,"Clásico, Drama, Relato",N/D,Debes Iniciar sesión para escribir un comentario.,https://ww3.lectulandia.co/book/absalon-absalon/,Clásico,2026-09-06 13:01:47,"https://assets.lectulandia.co/b/William%20Faulkner/!Absalon,%20Absalon!%20(3955)/big.jpg"
El Papa del mar,Vicente Blasco Ibáñez,Clásico,N/D,Debes Iniciar sesión para escribir un comentario.,https://ww3.lectulandia.co/book/el-papa-del-mar/,Clásico,2026-09-06 13:01:49,https://assets.lectulandia.co/b/Vicente%20Blasco%20Ibanez/El%20Papa%20del%20mar%20(3914)/big.jpg
Rebelión en la granja,George Orwell,"Aventuras, Clásico, Drama",N/D,N/D,https://ww3.lectulandia.co/book/rebelion-en-la-granja/,Clásico,2026-09-06 13:01:53,https://assets.lectulandia.co/b/George%20Orwell/Rebelion%20en%20la%20granja%20(3929)/big.jpg
Ferdydurke,Witold Gombrowicz,"Clásico, Filosofía, Humor",N/D,Debes Iniciar sesión para escribir un comentario.,https://ww3.lectulandia.co/book/ferdydurke/,Clásico,2026-09-06 13:01:56,https://assets.lectulandia.co/b/Witold%20Gombrowitz/Ferdydurke%20(3895)/big.jpg
El loco,Gibran Khalil Gibran,"Clásico, Fantástico, Filosofía, Relato",N/D,N/D,https://ww3.lectulandia.co/book/el-loco/,Clásico,2026-09-06 13:01:58,https://assets.lectulandia.co/b/Gibran%20Khalil%20Gibran/El%20loco%20(3886)/big.jpg
Tótem y tabú,Sigmund Freud,"Clásico, Filosofía",N/D,Debes Iniciar sesión para escribir un comentario.,https://ww3.lectulandia.co/book/totem-y-tabu/,Clásico,2026-09-06 13:02:00,https://assets.lectulandia.co/b/Sigmund%20Freud/Totem%20y%20tabu%20(3845)/big.jpg
