2026-09-05 23:29:06,359 [INFO] Inicio del scraping. Objetivo: entre 60 y 90 libros
2026-09-05 23:29:10,989 [INFO] Recorriendo página de categoría 1: https://ww3.lectulandia.co/genero/clasico/
2026-09-05 23:29:14,625 [INFO] Total de fichas únicas acumuladas: 24
2026-09-05 23:29:17,978 [INFO] Recorriendo página de categoría 2: https://ww3.lectulandia.co/genero/clasico/page/2/
2026-09-05 23:29:18,508 [INFO] Total de fichas únicas acumuladas: 48
2026-09-05 23:29:20,849 [INFO] Recorriendo página de categoría 3: https://ww3.lectulandia.co/genero/clasico/page/3/
2026-09-05 23:29:21,716 [INFO] Total de fichas únicas acumuladas: 72
2026-09-05 23:29:23,744 [INFO] Recorriendo página de categoría 4: https://ww3.lectulandia.co/genero/clasico/page/4/
2026-09-05 23:29:24,402 [INFO] Total de fichas únicas acumuladas: 96
2026-09-05 23:29:24,402 [INFO] URLs de fichas recolectadas: 96
2026-09-05 23:29:24,402 [INFO] (1/96) Procesando ficha: https://ww3.lectulandia.co/book/el-molino-del-floss/
2026-09-05 23:29:24,753 [WARNING] Ficha descartada por datos inválidos: https://ww3.lectulandia.co/book/el-molino-del-floss/
2026-09-05 23:29:27,235 [INFO] (2/96) Procesando ficha: https://ww3.lectulandia.co/book/middlemarch/
2026-09-05 23:29:27,745 [WARNING] Ficha descartada por datos inválidos: https://ww3.lectulandia.co/book/middlemarch/
2026-09-05 23:29:29,657 [INFO] (3/96) Procesando ficha: https://ww3.lectulandia.co/book/otelo-el-moro-de-venecia/
2026-09-05 23:29:30,177 [WARNING] Ficha descartada por datos inválidos: https://ww3.lectulandia.co/book/otelo-el-moro-de-venecia/
2026-09-05 23:29:31,728 [INFO] (4/96) Procesando ficha: https://ww3.lectulandia.co/book/hamlet/
2026-09-05 23:29:32,499 [WARNING] Ficha descartada por datos inválidos: https://ww3.lectulandia.co/book/hamlet/
2026-09-05 23:29:35,879 [INFO] (5/96) Procesando ficha: https://ww3.lectulandia.co/book/la-sombra-del-cipres-es-alargada/
2026-09-05 23:29:36,394 [WARNING] Ficha descartada por datos inválidos: https://ww3.lectulandia.co/book/la-sombra-del-cipres-es-alargada/
2026-09-05 23:29:37,970 [INFO] (6/96) Procesando ficha: https://ww3.lectulandia.co/book/la-respuesta-es-no/
2026-09-05 23:29:38,699 [WARNING] Ficha descartada por datos inválidos: https://ww3.lectulandia.co/book/la-respuesta-es-no/
2026-09-05 23:29:40,414 [INFO] (7/96) Procesando ficha: https://ww3.lectulandia.co/book/la-vida-es-sueno/
2026-09-05 23:29:41,101 [WARNING] Ficha descartada por datos inválidos: https://ww3.lectulandia.co/book/la-vida-es-sueno/
2026-09-05 23:29:43,675 [INFO] (8/96) Procesando ficha: https://ww3.lectulandia.co/book/el-grillo-del-hogar-ilustrado/
2026-09-05 23:29:44,239 [WARNING] Ficha descartada por datos inválidos: https://ww3.lectulandia.co/book/el-grillo-del-hogar-ilustrado/
2026-09-05 23:29:46,721 [INFO] (9/96) Procesando ficha: https://ww3.lectulandia.co/book/el-jardin-de-los-cerezos/
2026-09-05 23:29:47,246 [WARNING] Ficha descartada por datos inválidos: https://ww3.lectulandia.co/book/el-jardin-de-los-cerezos/
2026-09-05 23:29:49,056 [INFO] (10/96) Procesando ficha: https://ww3.lectulandia.co/book/macbeth/
2026-09-05 23:29:49,582 [WARNING] Ficha descartada por datos inválidos: https://ww3.lectulandia.co/book/macbeth/
2026-09-05 23:29:52,329 [INFO] (11/96) Procesando ficha: https://ww3.lectulandia.co/book/a-este-lado-del-paraiso/
2026-09-05 23:29:52,713 [WARNING] Ficha descartada por datos inválidos: https://ww3.lectulandia.co/book/a-este-lado-del-paraiso/
2026-09-05 23:29:54,865 [INFO] (12/96) Procesando ficha: https://ww3.lectulandia.co/book/la-segunda-casaca/
2026-09-05 23:29:55,472 [WARNING] Ficha descartada por datos inválidos: https://ww3.lectulandia.co/book/la-segunda-casaca/
2026-09-05 23:29:58,632 [INFO] (13/96) Procesando ficha: https://ww3.lectulandia.co/book/casa-de-munecas/
2026-09-05 23:29:59,380 [WARNING] Ficha descartada por datos inválidos: https://ww3.lectulandia.co/book/casa-de-munecas/
2026-09-05 23:30:01,929 [INFO] (14/96) Procesando ficha: https://ww3.lectulandia.co/book/juan-martin-el-empecinado/
2026-09-05 23:30:02,635 [WARNING] Ficha descartada por datos inválidos: https://ww3.lectulandia.co/book/juan-martin-el-empecinado/
2026-09-05 23:30:04,612 [INFO] (15/96) Procesando ficha: https://ww3.lectulandia.co/book/el-contrato-social/
2026-09-05 23:30:05,135 [WARNING] Ficha descartada por datos inválidos: https://ww3.lectulandia.co/book/el-contrato-social/
2026-09-05 23:30:07,755 [INFO] (16/96) Procesando ficha: https://ww3.lectulandia.co/book/el-grande-de-oriente/
2026-09-05 23:30:08,418 [WARNING] Ficha descartada por datos inválidos: https://ww3.lectulandia.co/book/el-grande-de-oriente/
2026-09-05 23:30:11,813 [INFO] (17/96) Procesando ficha: https://ww3.lectulandia.co/book/7-de-julio/
2026-09-05 23:30:12,153 [WARNING] Ficha descartada por datos inválidos: https://ww3.lectulandia.co/book/7-de-julio/
2026-09-05 23:30:13,808 [INFO] (18/96) Procesando ficha: https://ww3.lectulandia.co/book/los-cien-mil-hijos-de-san-luis/
2026-09-05 23:30:14,389 [WARNING] Ficha descartada por datos inválidos: https://ww3.lectulandia.co/book/los-cien-mil-hijos-de-san-luis/
2026-09-05 23:30:16,438 [INFO] (19/96) Procesando ficha: https://ww3.lectulandia.co/book/preparacion-del-actor/
2026-09-05 23:30:17,151 [WARNING] Ficha descartada por datos inválidos: https://ww3.lectulandia.co/book/preparacion-del-actor/
2026-09-05 23:30:18,737 [INFO] (20/96) Procesando ficha: https://ww3.lectulandia.co/book/el-terror-de-1824/
2026-09-05 23:30:19,067 [WARNING] Ficha descartada por datos inválidos: https://ww3.lectulandia.co/book/el-terror-de-1824/
2026-09-05 23:30:22,199 [INFO] (21/96) Procesando ficha: https://ww3.lectulandia.co/book/los-apostolicos/
2026-09-05 23:30:22,734 [WARNING] Ficha descartada por datos inválidos: https://ww3.lectulandia.co/book/los-apostolicos/
2026-09-05 23:30:25,257 [INFO] (22/96) Procesando ficha: https://ww3.lectulandia.co/book/un-faccioso-mas-y-algunos-frailes-menos/
2026-09-05 23:30:25,930 [WARNING] Ficha descartada por datos inválidos: https://ww3.lectulandia.co/book/un-faccioso-mas-y-algunos-frailes-menos/
2026-09-05 23:30:28,162 [INFO] (23/96) Procesando ficha: https://ww3.lectulandia.co/book/un-voluntario-realista/
2026-09-05 23:30:28,690 [WARNING] Ficha descartada por datos inválidos: https://ww3.lectulandia.co/book/un-voluntario-realista/
2026-09-05 23:30:31,653 [INFO] (24/96) Procesando ficha: https://ww3.lectulandia.co/book/narraciones-extraordinarias/
2026-09-05 23:30:32,045 [WARNING] Ficha descartada por datos inválidos: https://ww3.lectulandia.co/book/narraciones-extraordinarias/
2026-09-05 23:30:34,932 [INFO] (25/96) Procesando ficha: https://ww3.lectulandia.co/book/zumalacarregui/
2026-09-05 23:30:35,652 [WARNING] Ficha descartada por datos inválidos: https://ww3.lectulandia.co/book/zumalacarregui/
2026-09-05 23:30:38,012 [INFO] (26/96) Procesando ficha: https://ww3.lectulandia.co/book/vampiros-ilustrado/
2026-09-05 23:30:38,540 [WARNING] Ficha descartada por datos inválidos: https://ww3.lectulandia.co/book/vampiros-ilustrado/
2026-09-05 23:30:40,726 [INFO] (27/96) Procesando ficha: https://ww3.lectulandia.co/book/el-cura-de-tours/
2026-09-05 23:30:41,234 [WARNING] Ficha descartada por datos inválidos: https://ww3.lectulandia.co/book/el-cura-de-tours/
2026-09-05 23:30:44,155 [INFO] (28/96) Procesando ficha: https://ww3.lectulandia.co/book/la-gaviota/
2026-09-05 23:30:44,887 [WARNING] Ficha descartada por datos inválidos: https://ww3.lectulandia.co/book/la-gaviota/
2026-09-05 23:30:48,058 [INFO] (29/96) Procesando ficha: https://ww3.lectulandia.co/book/dracula-ilustrado/
2026-09-05 23:30:48,643 [WARNING] Ficha descartada por datos inválidos: https://ww3.lectulandia.co/book/dracula-ilustrado/
2026-09-05 23:30:51,671 [INFO] (30/96) Procesando ficha: https://ww3.lectulandia.co/book/la-pequena-dorrit/
2026-09-05 23:30:52,210 [WARNING] Ficha descartada por datos inválidos: https://ww3.lectulandia.co/book/la-pequena-dorrit/
2026-09-05 23:30:54,889 [INFO] (31/96) Procesando ficha: https://ww3.lectulandia.co/book/nuestro-amigo-comun/
2026-09-05 23:30:55,560 [WARNING] Ficha descartada por datos inválidos: https://ww3.lectulandia.co/book/nuestro-amigo-comun/
2026-09-05 23:30:58,365 [INFO] (32/96) Procesando ficha: https://ww3.lectulandia.co/book/el-misterio-de-edwin-drood/
2026-09-05 23:30:59,074 [WARNING] Ficha descartada por datos inválidos: https://ww3.lectulandia.co/book/el-misterio-de-edwin-drood/
2026-09-05 23:31:02,372 [INFO] (33/96) Procesando ficha: https://ww3.lectulandia.co/book/tiempos-dificiles/
2026-09-05 23:31:02,915 [WARNING] Ficha descartada por datos inválidos: https://ww3.lectulandia.co/book/tiempos-dificiles/
2026-09-05 23:31:05,966 [INFO] (34/96) Procesando ficha: https://ww3.lectulandia.co/book/la-tienda-de-antiguedades/
2026-09-05 23:31:06,637 [WARNING] Ficha descartada por datos inválidos: https://ww3.lectulandia.co/book/la-tienda-de-antiguedades/
2026-09-05 23:31:09,615 [INFO] (35/96) Procesando ficha: https://ww3.lectulandia.co/book/la-senora-lirriper/
2026-09-05 23:31:10,431 [WARNING] Ficha descartada por datos inválidos: https://ww3.lectulandia.co/book/la-senora-lirriper/
2026-09-05 23:31:12,285 [INFO] (36/96) Procesando ficha: https://ww3.lectulandia.co/book/la-casa-de-shakespeare/
2026-09-05 23:31:12,894 [WARNING] Ficha descartada por datos inválidos: https://ww3.lectulandia.co/book/la-casa-de-shakespeare/
2026-09-05 23:31:15,196 [INFO] (37/96) Procesando ficha: https://ww3.lectulandia.co/book/los-dos-hidalgos-de-verona/
2026-09-05 23:31:15,723 [WARNING] Ficha descartada por datos inválidos: https://ww3.lectulandia.co/book/los-dos-hidalgos-de-verona/
2026-09-05 23:31:18,946 [INFO] (38/96) Procesando ficha: https://ww3.lectulandia.co/book/llenos-de-vida/
2026-09-05 23:31:19,451 [WARNING] Ficha descartada por datos inválidos: https://ww3.lectulandia.co/book/llenos-de-vida/
2026-09-05 23:31:22,659 [INFO] (39/96) Procesando ficha: https://ww3.lectulandia.co/book/morfina/
2026-09-05 23:31:23,173 [WARNING] Ficha descartada por datos inválidos: https://ww3.lectulandia.co/book/morfina/
2026-09-05 23:31:25,264 [INFO] (40/96) Procesando ficha: https://ww3.lectulandia.co/book/marido-y-mujer/
2026-09-05 23:31:25,995 [WARNING] Ficha descartada por datos inválidos: https://ww3.lectulandia.co/book/marido-y-mujer/
2026-09-05 23:31:27,533 [INFO] (41/96) Procesando ficha: https://ww3.lectulandia.co/book/del-asesinato-considerado-como-una-de-las-bellas-artes/
2026-09-05 23:31:28,048 [WARNING] Ficha descartada por datos inválidos: https://ww3.lectulandia.co/book/del-asesinato-considerado-como-una-de-las-bellas-artes/
2026-09-05 23:31:31,035 [INFO] (42/96) Procesando ficha: https://ww3.lectulandia.co/book/dafnis-y-cloe/
2026-09-05 23:31:31,764 [WARNING] Ficha descartada por datos inválidos: https://ww3.lectulandia.co/book/dafnis-y-cloe/
2026-09-05 23:31:33,445 [INFO] (43/96) Procesando ficha: https://ww3.lectulandia.co/book/mansfield-park/
2026-09-05 23:31:33,803 [WARNING] Ficha descartada por datos inválidos: https://ww3.lectulandia.co/book/mansfield-park/
2026-09-05 23:31:36,157 [INFO] (44/96) Procesando ficha: https://ww3.lectulandia.co/book/la-educacion-sentimental/
2026-09-05 23:31:36,877 [WARNING] Ficha descartada por datos inválidos: https://ww3.lectulandia.co/book/la-educacion-sentimental/
2026-09-05 23:31:39,553 [INFO] (45/96) Procesando ficha: https://ww3.lectulandia.co/book/textos-fronterizos/
2026-09-05 23:31:40,260 [WARNING] Ficha descartada por datos inválidos: https://ww3.lectulandia.co/book/textos-fronterizos/
2026-09-05 23:31:43,497 [INFO] (46/96) Procesando ficha: https://ww3.lectulandia.co/book/las-aventuras-de-pinocho/
2026-09-05 23:31:44,198 [WARNING] Ficha descartada por datos inválidos: https://ww3.lectulandia.co/book/las-aventuras-de-pinocho/
2026-09-05 23:31:46,981 [INFO] (47/96) Procesando ficha: https://ww3.lectulandia.co/book/el-rey-lear/
2026-09-05 23:31:47,682 [WARNING] Ficha descartada por datos inválidos: https://ww3.lectulandia.co/book/el-rey-lear/
2026-09-05 23:31:49,385 [INFO] (48/96) Procesando ficha: https://ww3.lectulandia.co/book/el-mundo-de-guermantes/
2026-09-05 23:31:50,105 [WARNING] Ficha descartada por datos inválidos: https://ww3.lectulandia.co/book/el-mundo-de-guermantes/
2026-09-05 23:31:51,781 [INFO] (49/96) Procesando ficha: https://ww3.lectulandia.co/book/el-amor-el-dandismo-y-la-intriga/
2026-09-05 23:31:52,542 [WARNING] Ficha descartada por datos inválidos: https://ww3.lectulandia.co/book/el-amor-el-dandismo-y-la-intriga/
2026-09-05 23:31:56,033 [INFO] (50/96) Procesando ficha: https://ww3.lectulandia.co/book/apologia-de-socrates-trad-gredos/
2026-09-05 23:31:56,570 [WARNING] Ficha descartada por datos inválidos: https://ww3.lectulandia.co/book/apologia-de-socrates-trad-gredos/
2026-09-05 23:31:59,696 [INFO] (51/96) Procesando ficha: https://ww3.lectulandia.co/book/criton-trad-gredos/
2026-09-05 23:32:00,269 [WARNING] Ficha descartada por datos inválidos: https://ww3.lectulandia.co/book/criton-trad-gredos/
2026-09-05 23:32:03,479 [INFO] (52/96) Procesando ficha: https://ww3.lectulandia.co/book/servidumbre-humana/
2026-09-05 23:32:04,066 [WARNING] Ficha descartada por datos inválidos: https://ww3.lectulandia.co/book/servidumbre-humana/
2026-09-05 23:32:06,864 [INFO] (53/96) Procesando ficha: https://ww3.lectulandia.co/book/canciones-de-inocencia-y-de-experiencia/
2026-09-05 23:32:07,405 [WARNING] Ficha descartada por datos inválidos: https://ww3.lectulandia.co/book/canciones-de-inocencia-y-de-experiencia/
2026-09-05 23:32:09,140 [INFO] (54/96) Procesando ficha: https://ww3.lectulandia.co/book/la-hija-de-jezabel/
2026-09-05 23:32:09,888 [WARNING] Ficha descartada por datos inválidos: https://ww3.lectulandia.co/book/la-hija-de-jezabel/
2026-09-05 23:32:11,671 [INFO] (55/96) Procesando ficha: https://ww3.lectulandia.co/book/el-18-brumario-de-luis-bonaparte/
2026-09-05 23:32:12,440 [WARNING] Ficha descartada por datos inválidos: https://ww3.lectulandia.co/book/el-18-brumario-de-luis-bonaparte/
2026-09-05 23:32:14,627 [INFO] (56/96) Procesando ficha: https://ww3.lectulandia.co/book/tesis-sobre-feuerbach-version-ade/
2026-09-05 23:32:15,391 [WARNING] Ficha descartada por datos inválidos: https://ww3.lectulandia.co/book/tesis-sobre-feuerbach-version-ade/
2026-09-05 23:32:17,765 [INFO] (57/96) Procesando ficha: https://ww3.lectulandia.co/book/diferencia-de-la-filosofia-de-la-naturaleza-en-democrito-y-epicuro-version-ade/
2026-09-05 23:32:18,502 [WARNING] Ficha descartada por datos inválidos: https://ww3.lectulandia.co/book/diferencia-de-la-filosofia-de-la-naturaleza-en-democrito-y-epicuro-version-ade/
2026-09-05 23:32:21,922 [INFO] (58/96) Procesando ficha: https://ww3.lectulandia.co/book/el-18-brumario-de-luis-bonaparte-version-ade/
2026-09-05 23:32:22,685 [WARNING] Ficha descartada por datos inválidos: https://ww3.lectulandia.co/book/el-18-brumario-de-luis-bonaparte-version-ade/
2026-09-05 23:32:25,180 [INFO] (59/96) Procesando ficha: https://ww3.lectulandia.co/book/la-tempestad/
2026-09-05 23:32:25,892 [WARNING] Ficha descartada por datos inválidos: https://ww3.lectulandia.co/book/la-tempestad/
2026-09-05 23:32:28,049 [INFO] (60/96) Procesando ficha: https://ww3.lectulandia.co/book/mujercitas/
2026-09-05 23:32:28,704 [WARNING] Ficha descartada por datos inválidos: https://ww3.lectulandia.co/book/mujercitas/
2026-09-05 23:32:30,857 [INFO] (61/96) Procesando ficha: https://ww3.lectulandia.co/book/sobre-el-arte-de-contar-historias/
2026-09-05 23:32:31,701 [WARNING] Ficha descartada por datos inválidos: https://ww3.lectulandia.co/book/sobre-el-arte-de-contar-historias/
2026-09-05 23:32:33,606 [INFO] (62/96) Procesando ficha: https://ww3.lectulandia.co/book/cuentos-dispersos/
2026-09-05 23:32:34,271 [WARNING] Ficha descartada por datos inválidos: https://ww3.lectulandia.co/book/cuentos-dispersos/
2026-09-05 23:32:37,291 [INFO] (63/96) Procesando ficha: https://ww3.lectulandia.co/book/fabulas-morales/
2026-09-05 23:32:37,957 [WARNING] Ficha descartada por datos inválidos: https://ww3.lectulandia.co/book/fabulas-morales/
2026-09-05 23:32:41,077 [INFO] (64/96) Procesando ficha: https://ww3.lectulandia.co/book/germinal/
2026-09-05 23:32:41,602 [WARNING] Ficha descartada por datos inválidos: https://ww3.lectulandia.co/book/germinal/
2026-09-05 23:32:43,403 [INFO] (65/96) Procesando ficha: https://ww3.lectulandia.co/book/el-secreto-de-sarah/
2026-09-05 23:32:44,139 [WARNING] Ficha descartada por datos inválidos: https://ww3.lectulandia.co/book/el-secreto-de-sarah/
2026-09-05 23:32:46,804 [INFO] (66/96) Procesando ficha: https://ww3.lectulandia.co/book/la-venus-de-las-pieles/
2026-09-05 23:32:47,495 [WARNING] Ficha descartada por datos inválidos: https://ww3.lectulandia.co/book/la-venus-de-las-pieles/
2026-09-05 23:32:49,840 [INFO] (67/96) Procesando ficha: https://ww3.lectulandia.co/book/julio-cesar/
2026-09-05 23:32:50,196 [WARNING] Ficha descartada por datos inválidos: https://ww3.lectulandia.co/book/julio-cesar/
2026-09-05 23:32:53,096 [INFO] (68/96) Procesando ficha: https://ww3.lectulandia.co/book/el-candor-del-padre-brown/
2026-09-05 23:32:53,781 [WARNING] Ficha descartada por datos inválidos: https://ww3.lectulandia.co/book/el-candor-del-padre-brown/
2026-09-05 23:32:55,404 [INFO] (69/96) Procesando ficha: https://ww3.lectulandia.co/book/mendel-el-de-los-libros/
2026-09-05 23:32:56,199 [WARNING] Ficha descartada por datos inválidos: https://ww3.lectulandia.co/book/mendel-el-de-los-libros/
2026-09-05 23:32:57,869 [INFO] (70/96) Procesando ficha: https://ww3.lectulandia.co/book/poder-burgues-y-poder-revolucionario/
2026-09-05 23:32:58,640 [WARNING] Ficha descartada por datos inválidos: https://ww3.lectulandia.co/book/poder-burgues-y-poder-revolucionario/
2026-09-05 23:33:00,616 [INFO] (71/96) Procesando ficha: https://ww3.lectulandia.co/book/el-alcalde-de-zalamea/
2026-09-05 23:33:01,133 [WARNING] Ficha descartada por datos inválidos: https://ww3.lectulandia.co/book/el-alcalde-de-zalamea/
2026-09-05 23:33:03,653 [INFO] (72/96) Procesando ficha: https://ww3.lectulandia.co/book/relatos-1-1913-1927/
2026-09-05 23:33:04,355 [WARNING] Ficha descartada por datos inválidos: https://ww3.lectulandia.co/book/relatos-1-1913-1927/
2026-09-05 23:33:06,913 [INFO] (73/96) Procesando ficha: https://ww3.lectulandia.co/book/relatos-2-1927-1949/
2026-09-05 23:33:07,696 [WARNING] Ficha descartada por datos inválidos: https://ww3.lectulandia.co/book/relatos-2-1927-1949/
2026-09-05 23:33:09,302 [INFO] (74/96) Procesando ficha: https://ww3.lectulandia.co/book/basil/
2026-09-05 23:33:10,015 [WARNING] Ficha descartada por datos inválidos: https://ww3.lectulandia.co/book/basil/
2026-09-05 23:33:13,290 [INFO] (75/96) Procesando ficha: https://ww3.lectulandia.co/book/los-pazos-de-ulloa/
2026-09-05 23:33:14,035 [WARNING] Ficha descartada por datos inválidos: https://ww3.lectulandia.co/book/los-pazos-de-ulloa/
2026-09-05 23:33:17,504 [INFO] (76/96) Procesando ficha: https://ww3.lectulandia.co/book/viaje-al-oeste-las-aventuras-del-rey-mono/
2026-09-05 23:33:18,031 [WARNING] Ficha descartada por datos inválidos: https://ww3.lectulandia.co/book/viaje-al-oeste-las-aventuras-del-rey-mono/
2026-09-05 23:33:20,623 [INFO] (77/96) Procesando ficha: https://ww3.lectulandia.co/book/emma/
2026-09-05 23:33:21,166 [WARNING] Ficha descartada por datos inválidos: https://ww3.lectulandia.co/book/emma/
2026-09-05 23:33:23,971 [INFO] (78/96) Procesando ficha: https://ww3.lectulandia.co/book/el-fantasma-de-la-opera/
2026-09-05 23:33:24,749 [WARNING] Ficha descartada por datos inválidos: https://ww3.lectulandia.co/book/el-fantasma-de-la-opera/
2026-09-05 23:33:27,914 [INFO] (79/96) Procesando ficha: https://ww3.lectulandia.co/book/las-hojas-caidas/
2026-09-05 23:33:28,271 [WARNING] Ficha descartada por datos inválidos: https://ww3.lectulandia.co/book/las-hojas-caidas/
2026-09-05 23:33:31,369 [INFO] (80/96) Procesando ficha: https://ww3.lectulandia.co/book/cuentos-completos-vladimir-nabokov/
2026-09-05 23:33:32,105 [WARNING] Ficha descartada por datos inválidos: https://ww3.lectulandia.co/book/cuentos-completos-vladimir-nabokov/
2026-09-05 23:33:34,688 [INFO] (81/96) Procesando ficha: https://ww3.lectulandia.co/book/el-vampiro/
2026-09-05 23:33:35,219 [WARNING] Ficha descartada por datos inválidos: https://ww3.lectulandia.co/book/el-vampiro/
2026-09-05 23:33:38,331 [INFO] (82/96) Procesando ficha: https://ww3.lectulandia.co/book/diferencia-de-la-filosofia-de-la-naturaleza-en-democrito-y-epicuro/
2026-09-05 23:33:39,008 [WARNING] Ficha descartada por datos inválidos: https://ww3.lectulandia.co/book/diferencia-de-la-filosofia-de-la-naturaleza-en-democrito-y-epicuro/
2026-09-05 23:33:40,628 [INFO] (83/96) Procesando ficha: https://ww3.lectulandia.co/book/el-retrato-de-dorian-gray/
2026-09-05 23:33:41,450 [WARNING] Ficha descartada por datos inválidos: https://ww3.lectulandia.co/book/el-retrato-de-dorian-gray/
2026-09-05 23:33:44,552 [INFO] (84/96) Procesando ficha: https://ww3.lectulandia.co/book/kokoro/
2026-09-05 23:33:44,992 [WARNING] Ficha descartada por datos inválidos: https://ww3.lectulandia.co/book/kokoro/
2026-09-05 23:33:46,756 [INFO] (85/96) Procesando ficha: https://ww3.lectulandia.co/book/botchan/
2026-09-05 23:33:47,559 [WARNING] Ficha descartada por datos inválidos: https://ww3.lectulandia.co/book/botchan/
2026-09-05 23:33:51,044 [INFO] (86/96) Procesando ficha: https://ww3.lectulandia.co/book/musashi/
2026-09-05 23:33:51,776 [WARNING] Ficha descartada por datos inválidos: https://ww3.lectulandia.co/book/musashi/
2026-09-05 23:33:53,863 [INFO] (87/96) Procesando ficha: https://ww3.lectulandia.co/book/guerra-y-paz-ed-muchnik/
2026-09-05 23:33:54,415 [WARNING] Ficha descartada por datos inválidos: https://ww3.lectulandia.co/book/guerra-y-paz-ed-muchnik/
2026-09-05 23:33:57,631 [INFO] (88/96) Procesando ficha: https://ww3.lectulandia.co/book/el-barrio-maldito/
2026-09-05 23:33:57,998 [WARNING] Ficha descartada por datos inválidos: https://ww3.lectulandia.co/book/el-barrio-maldito/
2026-09-05 23:34:01,205 [INFO] (89/96) Procesando ficha: https://ww3.lectulandia.co/book/tiempo-de-silencio/
2026-09-05 23:34:01,728 [WARNING] Ficha descartada por datos inválidos: https://ww3.lectulandia.co/book/tiempo-de-silencio/
2026-09-05 23:34:04,256 [INFO] (90/96) Procesando ficha: https://ww3.lectulandia.co/book/senda-hacia-tierras-hondas/
2026-09-05 23:34:05,038 [WARNING] Ficha descartada por datos inválidos: https://ww3.lectulandia.co/book/senda-hacia-tierras-hondas/
2026-09-05 23:34:08,348 [INFO] (91/96) Procesando ficha: https://ww3.lectulandia.co/book/lisistrata/
2026-09-05 23:34:08,907 [WARNING] Ficha descartada por datos inválidos: https://ww3.lectulandia.co/book/lisistrata/
2026-09-05 23:34:11,410 [INFO] (92/96) Procesando ficha: https://ww3.lectulandia.co/book/alrededor-de-la-luna/
2026-09-05 23:34:12,136 [WARNING] Ficha descartada por datos inválidos: https://ww3.lectulandia.co/book/alrededor-de-la-luna/
2026-09-05 23:34:15,359 [INFO] (93/96) Procesando ficha: https://ww3.lectulandia.co/book/robin-hood-2/
2026-09-05 23:34:15,834 [WARNING] Ficha descartada por datos inválidos: https://ww3.lectulandia.co/book/robin-hood-2/
2026-09-05 23:34:17,768 [INFO] (94/96) Procesando ficha: https://ww3.lectulandia.co/book/don-juan-tenorio/
2026-09-05 23:34:18,325 [WARNING] Ficha descartada por datos inválidos: https://ww3.lectulandia.co/book/don-juan-tenorio/
2026-09-05 23:34:20,350 [INFO] (95/96) Procesando ficha: https://ww3.lectulandia.co/book/los-tres-mosqueteros/
2026-09-05 23:34:20,900 [WARNING] Ficha descartada por datos inválidos: https://ww3.lectulandia.co/book/los-tres-mosqueteros/
2026-09-05 23:34:24,245 [INFO] (96/96) Procesando ficha: https://ww3.lectulandia.co/book/de-la-tierra-a-la-luna/
2026-09-05 23:34:24,926 [WARNING] Ficha descartada por datos inválidos: https://ww3.lectulandia.co/book/de-la-tierra-a-la-luna/
2026-09-05 23:34:30,536 [INFO] Scraping finalizado. Libros válidos guardados: 0
2026-09-05 23:34:31,337 [INFO] ----- Controles mínimos de calidad -----
2026-09-05 23:45:09,210 [INFO] Inicio del scraping. Objetivo: los primeros 150 libros de la categoría 'Clásico'
2026-09-05 23:45:13,333 [INFO] Recorriendo página de categoría 1: https://ww3.lectulandia.co/genero/clasico/
2026-09-05 23:45:16,797 [INFO] Total de fichas únicas acumuladas: 24
2026-09-05 23:45:18,915 [INFO] Recorriendo página de categoría 2: https://ww3.lectulandia.co/genero/clasico/page/2/
2026-09-05 23:45:19,459 [INFO] Total de fichas únicas acumuladas: 48
2026-09-05 23:45:21,544 [INFO] Recorriendo página de categoría 3: https://ww3.lectulandia.co/genero/clasico/page/3/
2026-09-05 23:45:22,060 [INFO] Total de fichas únicas acumuladas: 72
2026-09-05 23:45:25,360 [INFO] Recorriendo página de categoría 4: https://ww3.lectulandia.co/genero/clasico/page/4/
2026-09-05 23:45:25,870 [INFO] Total de fichas únicas acumuladas: 96
2026-09-05 23:45:28,141 [INFO] Recorriendo página de categoría 5: https://ww3.lectulandia.co/genero/clasico/page/5/
2026-09-05 23:45:28,549 [INFO] Total de fichas únicas acumuladas: 120
2026-09-05 23:45:31,341 [INFO] Recorriendo página de categoría 6: https://ww3.lectulandia.co/genero/clasico/page/6/
2026-09-05 23:45:31,864 [INFO] Total de fichas únicas acumuladas: 144
2026-09-05 23:45:33,652 [INFO] Recorriendo página de categoría 7: https://ww3.lectulandia.co/genero/clasico/page/7/
2026-09-05 23:45:34,173 [INFO] Total de fichas únicas acumuladas: 168
2026-09-05 23:45:34,173 [INFO] URLs de fichas recolectadas: 150
2026-09-05 23:45:34,173 [INFO] (1/150) Procesando ficha: https://ww3.lectulandia.co/book/el-molino-del-floss/
2026-09-05 23:45:34,539 [INFO] Guardado: El molino del Floss — George Eliot
2026-09-05 23:45:38,007 [INFO] (2/150) Procesando ficha: https://ww3.lectulandia.co/book/middlemarch/
2026-09-05 23:45:38,361 [INFO] Guardado: Middlemarch — George Eliot
2026-09-05 23:45:41,718 [INFO] (3/150) Procesando ficha: https://ww3.lectulandia.co/book/otelo-el-moro-de-venecia/
2026-09-05 23:45:42,296 [INFO] Guardado: Otelo, el moro de Venecia — William Shakespeare
2026-09-05 23:45:45,658 [INFO] (4/150) Procesando ficha: https://ww3.lectulandia.co/book/hamlet/
2026-09-05 23:45:46,152 [INFO] Guardado: Hamlet — William Shakespeare
2026-09-05 23:45:47,669 [INFO] (5/150) Procesando ficha: https://ww3.lectulandia.co/book/la-sombra-del-cipres-es-alargada/
2026-09-05 23:45:48,174 [INFO] Guardado: La sombra del ciprés es alargada — Miguel Delibes
2026-09-05 23:45:50,392 [INFO] (6/150) Procesando ficha: https://ww3.lectulandia.co/book/la-respuesta-es-no/
2026-09-05 23:45:50,908 [INFO] Guardado: La respuesta es no — Wilkie Collins
2026-09-05 23:45:52,836 [INFO] (7/150) Procesando ficha: https://ww3.lectulandia.co/book/la-vida-es-sueno/
2026-09-05 23:45:53,454 [INFO] Guardado: La vida es sueño — Pedro Calderón de la Barca
2026-09-05 23:45:55,251 [INFO] (8/150) Procesando ficha: https://ww3.lectulandia.co/book/el-grillo-del-hogar-ilustrado/
2026-09-05 23:45:55,601 [INFO] Guardado: El grillo del hogar (Ilustrado) — Charles Dickens
2026-09-05 23:45:59,011 [INFO] (9/150) Procesando ficha: https://ww3.lectulandia.co/book/el-jardin-de-los-cerezos/
2026-09-05 23:45:59,643 [INFO] Guardado: El jardín de los cerezos — Antón Chéjov
2026-09-05 23:46:01,605 [INFO] (10/150) Procesando ficha: https://ww3.lectulandia.co/book/macbeth/
2026-09-05 23:46:02,112 [INFO] Guardado: Macbeth — William Shakespeare
2026-09-05 23:46:05,274 [INFO] (11/150) Procesando ficha: https://ww3.lectulandia.co/book/a-este-lado-del-paraiso/
2026-09-05 23:46:05,609 [INFO] Guardado: A este lado del paraíso — Francis Scott Fitzgerald
2026-09-05 23:46:08,979 [INFO] (12/150) Procesando ficha: https://ww3.lectulandia.co/book/la-segunda-casaca/
2026-09-05 23:46:09,313 [INFO] Guardado: La segunda casaca — Benito Pérez Galdós
2026-09-05 23:46:11,769 [INFO] (13/150) Procesando ficha: https://ww3.lectulandia.co/book/casa-de-munecas/
2026-09-05 23:46:12,510 [INFO] Guardado: Casa de muñecas — Henrik Ibsen
2026-09-05 23:46:14,781 [INFO] (14/150) Procesando ficha: https://ww3.lectulandia.co/book/juan-martin-el-empecinado/
2026-09-05 23:46:15,284 [INFO] Guardado: Juan Martín el Empecinado — Benito Pérez Galdós
2026-09-05 23:46:17,651 [INFO] (15/150) Procesando ficha: https://ww3.lectulandia.co/book/el-contrato-social/
2026-09-05 23:46:18,156 [INFO] Guardado: El contrato social — Jean-Jacques Rousseau
2026-09-05 23:46:20,296 [INFO] (16/150) Procesando ficha: https://ww3.lectulandia.co/book/el-grande-de-oriente/
2026-09-05 23:46:21,051 [INFO] Guardado: El Grande Oriente — Benito Pérez Galdós
2026-09-05 23:46:24,003 [INFO] (17/150) Procesando ficha: https://ww3.lectulandia.co/book/7-de-julio/
2026-09-05 23:46:24,349 [INFO] Guardado: 7 de julio — Benito Pérez Galdós
2026-09-05 23:46:27,770 [INFO] (18/150) Procesando ficha: https://ww3.lectulandia.co/book/los-cien-mil-hijos-de-san-luis/
2026-09-05 23:46:28,140 [INFO] Guardado: Los cien mil hijos de san Luis — Benito Pérez Galdós
2026-09-05 23:46:30,234 [INFO] (19/150) Procesando ficha: https://ww3.lectulandia.co/book/preparacion-del-actor/
2026-09-05 23:46:30,603 [INFO] Guardado: Preparación del actor — Konstantin Stanislavski
2026-09-05 23:46:33,547 [INFO] (20/150) Procesando ficha: https://ww3.lectulandia.co/book/el-terror-de-1824/
2026-09-05 23:46:33,906 [INFO] Guardado: El terror de 1824 — Benito Pérez Galdós
2026-09-05 23:46:36,938 [INFO] (21/150) Procesando ficha: https://ww3.lectulandia.co/book/los-apostolicos/
2026-09-05 23:46:37,301 [INFO] Guardado: Los apostólicos — Benito Pérez Galdós
2026-09-05 23:46:39,825 [INFO] (22/150) Procesando ficha: https://ww3.lectulandia.co/book/un-faccioso-mas-y-algunos-frailes-menos/
2026-09-05 23:46:40,189 [INFO] Guardado: Un faccioso más y algunos frailes menos — Benito Pérez Galdós
2026-09-05 23:46:42,619 [INFO] (23/150) Procesando ficha: https://ww3.lectulandia.co/book/un-voluntario-realista/
2026-09-05 23:46:42,974 [INFO] Guardado: Un voluntario realista — Benito Pérez Galdós
2026-09-05 23:46:45,243 [INFO] (24/150) Procesando ficha: https://ww3.lectulandia.co/book/narraciones-extraordinarias/
2026-09-05 23:46:45,753 [INFO] Guardado: Narraciones extraordinarias — Edgar Allan Poe
2026-09-05 23:46:47,766 [INFO] (25/150) Procesando ficha: https://ww3.lectulandia.co/book/zumalacarregui/
2026-09-05 23:46:48,284 [INFO] Guardado: Zumalacárregui — Benito Pérez Galdós
2026-09-05 23:46:50,656 [INFO] (26/150) Procesando ficha: https://ww3.lectulandia.co/book/vampiros-ilustrado/
2026-09-05 23:46:51,168 [INFO] Guardado: Vampiros (Ilustrado) — Alexandre Dumas
2026-09-05 23:46:54,353 [INFO] (27/150) Procesando ficha: https://ww3.lectulandia.co/book/el-cura-de-tours/
2026-09-05 23:46:54,732 [INFO] Guardado: El cura de Tours — Honoré de Balzac
2026-09-05 23:46:57,474 [INFO] (28/150) Procesando ficha: https://ww3.lectulandia.co/book/la-gaviota/
2026-09-05 23:46:57,838 [INFO] Guardado: La Gaviota — Antón Chéjov
2026-09-05 23:47:01,103 [INFO] (29/150) Procesando ficha: https://ww3.lectulandia.co/book/dracula-ilustrado/
2026-09-05 23:47:02,013 [INFO] Guardado: Drácula (Ilustrado) — Bram Stoker
2026-09-05 23:47:04,026 [INFO] (30/150) Procesando ficha: https://ww3.lectulandia.co/book/la-pequena-dorrit/
2026-09-05 23:47:04,524 [INFO] Guardado: La pequeña Dorrit — Charles Dickens
2026-09-05 23:47:07,056 [INFO] (31/150) Procesando ficha: https://ww3.lectulandia.co/book/nuestro-amigo-comun/
2026-09-05 23:47:07,398 [INFO] Guardado: Nuestro amigo común — Charles Dickens
2026-09-05 23:47:09,885 [INFO] (32/150) Procesando ficha: https://ww3.lectulandia.co/book/el-misterio-de-edwin-drood/
2026-09-05 23:47:10,280 [INFO] Guardado: El misterio de Edwin Drood — Charles Dickens
2026-09-05 23:47:13,506 [INFO] (33/150) Procesando ficha: https://ww3.lectulandia.co/book/tiempos-dificiles/
2026-09-05 23:47:13,870 [INFO] Guardado: Tiempos difíciles — Charles Dickens
2026-09-05 23:47:16,211 [INFO] (34/150) Procesando ficha: https://ww3.lectulandia.co/book/la-tienda-de-antiguedades/
2026-09-05 23:47:16,719 [INFO] Guardado: La tienda de antigüedades — Charles Dickens
2026-09-05 23:47:18,759 [INFO] (35/150) Procesando ficha: https://ww3.lectulandia.co/book/la-senora-lirriper/
2026-09-05 23:47:19,260 [INFO] Guardado: La Señora Lirriper — Charles Dickens
2026-09-05 23:47:21,660 [INFO] (36/150) Procesando ficha: https://ww3.lectulandia.co/book/la-casa-de-shakespeare/
2026-09-05 23:47:22,000 [INFO] Guardado: La casa de Shakespeare — Benito Pérez Galdós
2026-09-05 23:47:24,782 [INFO] (37/150) Procesando ficha: https://ww3.lectulandia.co/book/los-dos-hidalgos-de-verona/
2026-09-05 23:47:25,134 [INFO] Guardado: Los dos hidalgos de Verona — William Shakespeare
2026-09-05 23:47:27,503 [INFO] (38/150) Procesando ficha: https://ww3.lectulandia.co/book/llenos-de-vida/
2026-09-05 23:47:28,011 [INFO] Guardado: Llenos de vida — John Fante
2026-09-05 23:47:31,147 [INFO] (39/150) Procesando ficha: https://ww3.lectulandia.co/book/morfina/
2026-09-05 23:47:31,646 [INFO] Guardado: Morfina — Mijaíl Bulgákov
2026-09-05 23:47:33,730 [INFO] (40/150) Procesando ficha: https://ww3.lectulandia.co/book/marido-y-mujer/
2026-09-05 23:47:34,090 [INFO] Guardado: Marido y mujer — Wilkie Collins
2026-09-05 23:47:37,238 [INFO] (41/150) Procesando ficha: https://ww3.lectulandia.co/book/del-asesinato-considerado-como-una-de-las-bellas-artes/
2026-09-05 23:47:37,759 [INFO] Guardado: Del asesinato considerado como una de las bellas artes — Thomas De Quincey
2026-09-05 23:47:39,422 [INFO] (42/150) Procesando ficha: https://ww3.lectulandia.co/book/dafnis-y-cloe/
2026-09-05 23:47:39,774 [INFO] Guardado: Dafnis y Cloe — Longo
2026-09-05 23:47:42,929 [INFO] (43/150) Procesando ficha: https://ww3.lectulandia.co/book/mansfield-park/
2026-09-05 23:47:43,269 [INFO] Guardado: Mansfield Park — Jane Austen
2026-09-05 23:47:45,005 [INFO] (44/150) Procesando ficha: https://ww3.lectulandia.co/book/la-educacion-sentimental/
2026-09-05 23:47:45,365 [INFO] Guardado: La educación sentimental — Gustave Flaubert
2026-09-05 23:47:46,926 [INFO] (45/150) Procesando ficha: https://ww3.lectulandia.co/book/textos-fronterizos/
2026-09-05 23:47:47,262 [INFO] Guardado: Textos fronterizos — Horacio Quiroga
2026-09-05 23:47:49,683 [INFO] (46/150) Procesando ficha: https://ww3.lectulandia.co/book/las-aventuras-de-pinocho/
2026-09-05 23:47:50,018 [INFO] Guardado: Las aventuras de Pinocho — Carlo Collodi
2026-09-05 23:47:53,265 [INFO] (47/150) Procesando ficha: https://ww3.lectulandia.co/book/el-rey-lear/
2026-09-05 23:47:53,775 [INFO] Guardado: El rey Lear — William Shakespeare
2026-09-05 23:47:57,202 [INFO] (48/150) Procesando ficha: https://ww3.lectulandia.co/book/el-mundo-de-guermantes/
2026-09-05 23:47:57,701 [INFO] Guardado: El mundo de Guermantes — Marcel Proust
2026-09-05 23:48:00,555 [INFO] (49/150) Procesando ficha: https://ww3.lectulandia.co/book/el-amor-el-dandismo-y-la-intriga/
2026-09-05 23:48:01,066 [INFO] Guardado: El amor, el dandismo y la intriga — Pío Baroja
2026-09-05 23:48:04,420 [INFO] (50/150) Procesando ficha: https://ww3.lectulandia.co/book/apologia-de-socrates-trad-gredos/
2026-09-05 23:48:04,785 [INFO] Guardado: Apología de Sócrates (Trad. Gredos) — Platón
2026-09-05 23:48:07,295 [INFO] (51/150) Procesando ficha: https://ww3.lectulandia.co/book/criton-trad-gredos/
2026-09-05 23:48:07,628 [INFO] Guardado: Critón (Trad. Gredos) — Platón
2026-09-05 23:48:10,567 [INFO] (52/150) Procesando ficha: https://ww3.lectulandia.co/book/servidumbre-humana/
2026-09-05 23:48:11,068 [INFO] Guardado: Servidumbre humana — William Somerset Maugham
2026-09-05 23:48:13,891 [INFO] (53/150) Procesando ficha: https://ww3.lectulandia.co/book/canciones-de-inocencia-y-de-experiencia/
2026-09-05 23:48:14,413 [INFO] Guardado: Canciones de inocencia y de experiencia — William Blake
2026-09-05 23:48:17,014 [INFO] (54/150) Procesando ficha: https://ww3.lectulandia.co/book/la-hija-de-jezabel/
2026-09-05 23:48:17,524 [INFO] Guardado: La hija de Jezabel — Wilkie Collins
2026-09-05 23:48:20,286 [INFO] (55/150) Procesando ficha: https://ww3.lectulandia.co/book/el-18-brumario-de-luis-bonaparte/
2026-09-05 23:48:20,795 [INFO] Guardado: El 18 Brumario de Luis Bonaparte — Karl Marx
2026-09-05 23:48:23,311 [INFO] (56/150) Procesando ficha: https://ww3.lectulandia.co/book/tesis-sobre-feuerbach-version-ade/
2026-09-05 23:48:23,812 [INFO] Guardado: Tesis sobre Feuerbach (versión ADE) — Karl Marx
2026-09-05 23:48:26,210 [INFO] (57/150) Procesando ficha: https://ww3.lectulandia.co/book/diferencia-de-la-filosofia-de-la-naturaleza-en-democrito-y-epicuro-version-ade/
2026-09-05 23:48:26,729 [INFO] Guardado: Diferencia de la filosofía de la naturaleza en Demócrito y Epicuro (versión ADE) — Karl Marx
2026-09-05 23:48:29,092 [INFO] (58/150) Procesando ficha: https://ww3.lectulandia.co/book/el-18-brumario-de-luis-bonaparte-version-ade/
2026-09-05 23:48:29,603 [INFO] Guardado: El 18 Brumario de Luis Bonaparte (versión ADE) — Karl Marx
2026-09-05 23:48:31,216 [INFO] (59/150) Procesando ficha: https://ww3.lectulandia.co/book/la-tempestad/
2026-09-05 23:48:31,788 [INFO] Guardado: La tempestad — William Shakespeare
2026-09-05 23:48:34,378 [INFO] (60/150) Procesando ficha: https://ww3.lectulandia.co/book/mujercitas/
2026-09-05 23:48:34,903 [INFO] Guardado: Mujercitas — Louisa May Alcott
2026-09-05 23:48:36,532 [INFO] (61/150) Procesando ficha: https://ww3.lectulandia.co/book/sobre-el-arte-de-contar-historias/
2026-09-05 23:48:37,067 [INFO] Guardado: Sobre el arte de contar historias — Horacio Quiroga
2026-09-05 23:48:39,620 [INFO] (62/150) Procesando ficha: https://ww3.lectulandia.co/book/cuentos-dispersos/
2026-09-05 23:48:40,006 [INFO] Guardado: Cuentos dispersos — Horacio Quiroga
2026-09-05 23:48:42,575 [INFO] (63/150) Procesando ficha: https://ww3.lectulandia.co/book/fabulas-morales/
2026-09-05 23:48:43,089 [INFO] Guardado: Fábulas morales — Félix María Samaniego
2026-09-05 23:48:46,285 [INFO] (64/150) Procesando ficha: https://ww3.lectulandia.co/book/germinal/
2026-09-05 23:48:46,809 [INFO] Guardado: Germinal — Émile Zola
2026-09-05 23:48:48,763 [INFO] (65/150) Procesando ficha: https://ww3.lectulandia.co/book/el-secreto-de-sarah/
2026-09-05 23:48:49,115 [INFO] Guardado: El secreto de Sarah — Wilkie Collins
2026-09-05 23:48:51,040 [INFO] (66/150) Procesando ficha: https://ww3.lectulandia.co/book/la-venus-de-las-pieles/
2026-09-05 23:48:51,685 [INFO] Guardado: La Venus de las pieles — Leopold von Sacher-Masoch
2026-09-05 23:48:54,692 [INFO] (67/150) Procesando ficha: https://ww3.lectulandia.co/book/julio-cesar/
2026-09-05 23:48:55,195 [INFO] Guardado: Julio César — William Shakespeare
2026-09-05 23:48:57,180 [INFO] (68/150) Procesando ficha: https://ww3.lectulandia.co/book/el-candor-del-padre-brown/
2026-09-05 23:48:57,705 [INFO] Guardado: El candor del padre Brown — Gilbert Keith Chesterton
2026-09-05 23:49:00,321 [INFO] (69/150) Procesando ficha: https://ww3.lectulandia.co/book/mendel-el-de-los-libros/
2026-09-05 23:49:00,907 [INFO] Guardado: Mendel el de los libros — Stefan Zweig
2026-09-05 23:49:03,999 [INFO] (70/150) Procesando ficha: https://ww3.lectulandia.co/book/poder-burgues-y-poder-revolucionario/
2026-09-05 23:49:04,503 [INFO] Guardado: Poder burgués y poder revolucionario — Mario Roberto Santucho
2026-09-05 23:49:07,277 [INFO] (71/150) Procesando ficha: https://ww3.lectulandia.co/book/el-alcalde-de-zalamea/
2026-09-05 23:49:07,746 [INFO] Guardado: El alcalde de Zalamea — Pedro Calderón de la Barca
2026-09-05 23:49:09,856 [INFO] (72/150) Procesando ficha: https://ww3.lectulandia.co/book/relatos-1-1913-1927/
2026-09-05 23:49:10,368 [INFO] Guardado: Relatos 1 (1913-1927) — Bertolt Brecht
2026-09-05 23:49:12,530 [INFO] (73/150) Procesando ficha: https://ww3.lectulandia.co/book/relatos-2-1927-1949/
2026-09-05 23:49:12,910 [INFO] Guardado: Relatos 2 (1927-1949) — Bertolt Brecht
2026-09-05 23:49:14,813 [INFO] (74/150) Procesando ficha: https://ww3.lectulandia.co/book/basil/
2026-09-05 23:49:15,319 [INFO] Guardado: Basil — Wilkie Collins
2026-09-05 23:49:18,392 [INFO] (75/150) Procesando ficha: https://ww3.lectulandia.co/book/los-pazos-de-ulloa/
2026-09-05 23:49:18,902 [INFO] Guardado: Los pazos de Ulloa — Emilia Pardo Bazán
2026-09-05 23:49:22,026 [INFO] (76/150) Procesando ficha: https://ww3.lectulandia.co/book/viaje-al-oeste-las-aventuras-del-rey-mono/
2026-09-05 23:49:22,373 [INFO] Guardado: Viaje al Oeste. Las aventuras del Rey Mono — Anónimo
2026-09-05 23:49:23,924 [INFO] (77/150) Procesando ficha: https://ww3.lectulandia.co/book/emma/
2026-09-05 23:49:24,511 [INFO] Guardado: Emma — Jane Austen
2026-09-05 23:49:27,621 [INFO] (78/150) Procesando ficha: https://ww3.lectulandia.co/book/el-fantasma-de-la-opera/
2026-09-05 23:49:28,151 [INFO] Guardado: El fantasma de la ópera — Gastón Leroux
2026-09-05 23:49:29,723 [INFO] (79/150) Procesando ficha: https://ww3.lectulandia.co/book/las-hojas-caidas/
2026-09-05 23:49:30,227 [INFO] Guardado: Las hojas caídas — Wilkie Collins
2026-09-05 23:49:33,554 [INFO] (80/150) Procesando ficha: https://ww3.lectulandia.co/book/cuentos-completos-vladimir-nabokov/
2026-09-05 23:49:33,904 [INFO] Guardado: Cuentos completos — Vladimir Nabokov
2026-09-05 23:49:36,655 [INFO] (81/150) Procesando ficha: https://ww3.lectulandia.co/book/el-vampiro/
2026-09-05 23:49:37,168 [INFO] Guardado: El vampiro — John William Polidori
2026-09-05 23:49:39,836 [INFO] (82/150) Procesando ficha: https://ww3.lectulandia.co/book/diferencia-de-la-filosofia-de-la-naturaleza-en-democrito-y-epicuro/
2026-09-05 23:49:40,456 [INFO] Guardado: Diferencia de la filosofía de la naturaleza en Demócrito y Epicuro — Karl Marx
2026-09-05 23:49:42,082 [INFO] (83/150) Procesando ficha: https://ww3.lectulandia.co/book/el-retrato-de-dorian-gray/
2026-09-05 23:49:42,616 [INFO] Guardado: El retrato de Dorian Gray — Oscar Wilde
2026-09-05 23:49:46,021 [INFO] (84/150) Procesando ficha: https://ww3.lectulandia.co/book/kokoro/
2026-09-05 23:49:46,359 [INFO] Guardado: Kokoro — Natsume Söseki
2026-09-05 23:49:49,720 [INFO] (85/150) Procesando ficha: https://ww3.lectulandia.co/book/botchan/
2026-09-05 23:49:50,257 [INFO] Guardado: Botchan — Natsume Söseki
2026-09-05 23:49:52,940 [INFO] (86/150) Procesando ficha: https://ww3.lectulandia.co/book/musashi/
2026-09-05 23:49:53,586 [INFO] Guardado: Musashi — Eiji Yoshikawa
2026-09-05 23:49:56,707 [INFO] (87/150) Procesando ficha: https://ww3.lectulandia.co/book/guerra-y-paz-ed-muchnik/
2026-09-05 23:49:57,233 [INFO] Guardado: Guerra y paz (Ed. Muchnik) — León Tolstói
2026-09-05 23:50:00,632 [INFO] (88/150) Procesando ficha: https://ww3.lectulandia.co/book/el-barrio-maldito/
2026-09-05 23:50:00,974 [INFO] Guardado: El barrio maldito — Félix Urabayen
2026-09-05 23:50:03,440 [INFO] (89/150) Procesando ficha: https://ww3.lectulandia.co/book/tiempo-de-silencio/
2026-09-05 23:50:03,985 [INFO] Guardado: Tiempo de silencio — Luis Martín-Santos
2026-09-05 23:50:05,563 [INFO] (90/150) Procesando ficha: https://ww3.lectulandia.co/book/senda-hacia-tierras-hondas/
2026-09-05 23:50:06,077 [INFO] Guardado: Senda hacia tierras hondas — Bashô Matsuo
2026-09-05 23:50:08,601 [INFO] (91/150) Procesando ficha: https://ww3.lectulandia.co/book/lisistrata/
2026-09-05 23:50:08,957 [INFO] Guardado: Lisístrata — Aristófanes
2026-09-05 23:50:10,841 [INFO] (92/150) Procesando ficha: https://ww3.lectulandia.co/book/alrededor-de-la-luna/
2026-09-05 23:50:11,356 [INFO] Guardado: Alrededor de la luna — Julio Verne
2026-09-05 23:50:13,600 [INFO] (93/150) Procesando ficha: https://ww3.lectulandia.co/book/robin-hood-2/
2026-09-05 23:50:14,115 [INFO] Guardado: Robin Hood — Anónimo
2026-09-05 23:50:17,244 [INFO] (94/150) Procesando ficha: https://ww3.lectulandia.co/book/don-juan-tenorio/
2026-09-05 23:50:17,590 [INFO] Guardado: Don Juan Tenorio — José Zorrilla
2026-09-05 23:50:19,107 [INFO] (95/150) Procesando ficha: https://ww3.lectulandia.co/book/los-tres-mosqueteros/
2026-09-05 23:50:19,724 [INFO] Guardado: Los tres mosqueteros — Alexandre Dumas
2026-09-05 23:50:23,004 [INFO] (96/150) Procesando ficha: https://ww3.lectulandia.co/book/de-la-tierra-a-la-luna/
2026-09-05 23:50:23,523 [INFO] Guardado: De la Tierra a la Luna — Julio Verne
2026-09-05 23:50:26,581 [INFO] (97/150) Procesando ficha: https://ww3.lectulandia.co/book/las-furias/
2026-09-05 23:50:27,299 [INFO] Guardado: Las furias — Pío Baroja
2026-09-05 23:50:30,029 [INFO] (98/150) Procesando ficha: https://ww3.lectulandia.co/book/el-amante/
2026-09-05 23:50:30,563 [INFO] Guardado: El amante — Marguerite Duras
2026-09-05 23:50:33,005 [INFO] (99/150) Procesando ficha: https://ww3.lectulandia.co/book/la-abadia-de-northanger/
2026-09-05 23:50:33,487 [INFO] Guardado: La abadía de Northanger — Jane Austen
2026-09-05 23:50:36,855 [INFO] (100/150) Procesando ficha: https://ww3.lectulandia.co/book/el-extrano-caso-del-dr-jekyll-y-mr-hyde/
2026-09-05 23:50:37,600 [INFO] Guardado: El extraño caso del Dr. Jekyll y Mr. Hyde — Robert Louis Stevenson
2026-09-05 23:50:40,048 [INFO] (101/150) Procesando ficha: https://ww3.lectulandia.co/book/mas-alla-y-otros-cuentos/
2026-09-05 23:50:40,658 [INFO] Guardado: Más allá y otros cuentos — Horacio Quiroga
2026-09-05 23:50:42,282 [INFO] (102/150) Procesando ficha: https://ww3.lectulandia.co/book/los-desterrados-y-otros-cuentos/
2026-09-05 23:50:42,992 [INFO] Guardado: Los desterrados y otros cuentos — Horacio Quiroga
2026-09-05 23:50:45,670 [INFO] (103/150) Procesando ficha: https://ww3.lectulandia.co/book/el-desierto-y-otros-cuentos/
2026-09-05 23:50:46,220 [INFO] Guardado: El desierto y otros cuentos — Horacio Quiroga
2026-09-05 23:50:47,789 [INFO] (104/150) Procesando ficha: https://ww3.lectulandia.co/book/la-cartuja-de-parma/
2026-09-05 23:50:48,559 [INFO] Guardado: La cartuja de Parma — Stendhal
2026-09-05 23:50:51,588 [INFO] (105/150) Procesando ficha: https://ww3.lectulandia.co/book/macbeth-una-tragedia-en-5-actos/
2026-09-05 23:50:52,281 [INFO] Guardado: Macbeth. Una tragedia en 5 actos — William Shakespeare
2026-09-05 23:50:54,709 [INFO] (106/150) Procesando ficha: https://ww3.lectulandia.co/book/las-mil-y-una-noches-trad-de-juan-vernet/
2026-09-05 23:50:55,398 [INFO] Guardado: Las mil y una noches (trad. de Juan Vernet) — Anónimo
2026-09-05 23:50:58,030 [INFO] (107/150) Procesando ficha: https://ww3.lectulandia.co/book/la-peste/
2026-09-05 23:50:58,814 [INFO] Guardado: La peste — Albert Camus
2026-09-05 23:51:02,025 [INFO] (108/150) Procesando ficha: https://ww3.lectulandia.co/book/pequeno-hombre-y-ahora-que/
2026-09-05 23:51:02,765 [INFO] Guardado: Pequeño hombre ¿y ahora qué? — Hans Fallada
2026-09-05 23:51:05,895 [INFO] (109/150) Procesando ficha: https://ww3.lectulandia.co/book/el-fulgor-y-la-sangre/
2026-09-05 23:51:06,566 [INFO] Guardado: El fulgor y la sangre — Ignacio Aldecoa
2026-09-05 23:51:09,705 [INFO] (110/150) Procesando ficha: https://ww3.lectulandia.co/book/ana-karenina/
2026-09-05 23:51:10,446 [INFO] Guardado: Ana Karenina — León Tolstói
2026-09-05 23:51:12,768 [INFO] (111/150) Procesando ficha: https://ww3.lectulandia.co/book/anna-karenina-ed-alba-2010/
2026-09-05 23:51:13,319 [INFO] Guardado: Anna Karénina (Ed. Alba 2010) — León Tolstói
2026-09-05 23:51:16,741 [INFO] (112/150) Procesando ficha: https://ww3.lectulandia.co/book/guerra-y-paz/
2026-09-05 23:51:17,474 [INFO] Guardado: Guerra y paz — León Tolstói
2026-09-05 23:51:19,433 [INFO] (113/150) Procesando ficha: https://ww3.lectulandia.co/book/persuasion/
2026-09-05 23:51:19,953 [INFO] Guardado: Persuasión — Jane Austen
2026-09-05 23:51:21,851 [INFO] (114/150) Procesando ficha: https://ww3.lectulandia.co/book/el-enfermo-imaginario/
2026-09-05 23:51:22,616 [INFO] Guardado: El enfermo imaginario — Molière
2026-09-05 23:51:24,258 [INFO] (115/150) Procesando ficha: https://ww3.lectulandia.co/book/retorno-a-brideshead/
2026-09-05 23:51:24,780 [INFO] Guardado: Retorno a Brideshead — Evelyn Waugh
2026-09-05 23:51:26,833 [INFO] (116/150) Procesando ficha: https://ww3.lectulandia.co/book/el-capote-trad-irene-tchernova/
2026-09-05 23:51:27,359 [INFO] Guardado: El capote (Trad. Irene Tchernova) — Nikolái Gógol
2026-09-05 23:51:30,104 [INFO] (117/150) Procesando ficha: https://ww3.lectulandia.co/book/el-capote-trad-victor-gallego/
2026-09-05 23:51:30,835 [INFO] Guardado: El capote (Trad. Víctor Gallego) — Nikolái Gógol
2026-09-05 23:51:32,778 [INFO] (118/150) Procesando ficha: https://ww3.lectulandia.co/book/callejon-sin-salida/
2026-09-05 23:51:33,470 [INFO] Guardado: Callejón sin salida — Charles Dickens
2026-09-05 23:51:35,609 [INFO] (119/150) Procesando ficha: https://ww3.lectulandia.co/book/sherlock-holmes-la-coleccion-completa/
2026-09-05 23:51:36,163 [INFO] Guardado: Sherlock Holmes. La colección completa — Arthur Conan Doyle
2026-09-05 23:51:38,685 [INFO] (120/150) Procesando ficha: https://ww3.lectulandia.co/book/robinson-crusoe/
2026-09-05 23:51:39,395 [INFO] Guardado: Robinson Crusoe — Daniel Defoe
2026-09-05 23:51:42,716 [INFO] (121/150) Procesando ficha: https://ww3.lectulandia.co/book/el-sabueso-de-los-baskerville/
2026-09-05 23:51:43,409 [INFO] Guardado: El sabueso de los Baskerville — Arthur Conan Doyle
2026-09-05 23:51:45,185 [INFO] (122/150) Procesando ficha: https://ww3.lectulandia.co/book/anaconda-y-otros-cuentos/
2026-09-05 23:51:45,723 [INFO] Guardado: Anaconda — Horacio Quiroga
2026-09-05 23:51:48,227 [INFO] (123/150) Procesando ficha: https://ww3.lectulandia.co/book/el-salvaje-y-otros-cuentos/
2026-09-05 23:51:48,625 [INFO] Guardado: El salvaje y otros cuentos — Horacio Quiroga
2026-09-05 23:51:51,306 [INFO] (124/150) Procesando ficha: https://ww3.lectulandia.co/book/cumbres-borrascosas/
2026-09-05 23:51:51,831 [INFO] Guardado: Cumbres borrascosas — Emily Brontë
2026-09-05 23:51:54,561 [INFO] (125/150) Procesando ficha: https://ww3.lectulandia.co/book/el-valle-del-terror/
2026-09-05 23:51:55,267 [INFO] Guardado: El valle del terror — Arthur Conan Doyle
2026-09-05 23:51:57,322 [INFO] (126/150) Procesando ficha: https://ww3.lectulandia.co/book/el-sabor-de-la-venganza/
2026-09-05 23:51:58,070 [INFO] Guardado: El sabor de la venganza — Pío Baroja
2026-09-05 23:52:01,516 [INFO] (127/150) Procesando ficha: https://ww3.lectulandia.co/book/por-el-camino-de-swann/
2026-09-05 23:52:02,061 [INFO] Guardado: Por el camino de Swann — Marcel Proust
2026-09-05 23:52:04,638 [INFO] (128/150) Procesando ficha: https://ww3.lectulandia.co/book/manalive/
2026-09-05 23:52:05,300 [INFO] Guardado: Manalive — Gilbert Keith Chesterton
2026-09-05 23:52:07,682 [INFO] (129/150) Procesando ficha: https://ww3.lectulandia.co/book/cuentos-de-amor-de-locura-y-de-muerte/
2026-09-05 23:52:08,400 [INFO] Guardado: Cuentos de amor de locura y de muerte — Horacio Quiroga
2026-09-05 23:52:10,858 [INFO] (130/150) Procesando ficha: https://ww3.lectulandia.co/book/el-periquillo-sarniento/
2026-09-05 23:52:11,533 [INFO] Guardado: El Periquillo Sarniento — José Joaquín Fernández de Lizardi
2026-09-05 23:52:13,232 [INFO] (131/150) Procesando ficha: https://ww3.lectulandia.co/book/las-mil-y-una-noches/
2026-09-05 23:52:13,771 [INFO] Guardado: Las mil y una noches — Anónimo
2026-09-05 23:52:16,402 [INFO] (132/150) Procesando ficha: https://ww3.lectulandia.co/book/cuentos-de-la-selva-para-los-ninos/
2026-09-05 23:52:17,079 [INFO] Guardado: Cuentos de la selva para los niños — Horacio Quiroga
2026-09-05 23:52:20,415 [INFO] (133/150) Procesando ficha: https://ww3.lectulandia.co/book/tesis-sobre-feuerbach/
2026-09-05 23:52:21,143 [INFO] Guardado: Tesis sobre Feuerbach — Karl Marx
2026-09-05 23:52:24,427 [INFO] (134/150) Procesando ficha: https://ww3.lectulandia.co/book/sin-nombre/
2026-09-05 23:52:24,914 [INFO] Guardado: Sin nombre — Wilkie Collins
2026-09-05 23:52:26,739 [INFO] (135/150) Procesando ficha: https://ww3.lectulandia.co/book/confesiones-de-un-bribon/
2026-09-05 23:52:27,237 [INFO] Guardado: Confesiones de un bribón — Wilkie Collins
2026-09-05 23:52:30,312 [INFO] (136/150) Procesando ficha: https://ww3.lectulandia.co/book/doble-engano/
2026-09-05 23:52:30,964 [INFO] Guardado: Doble engaño — Wilkie Collins
2026-09-05 23:52:34,450 [INFO] (137/150) Procesando ficha: https://ww3.lectulandia.co/book/primeras-canciones/
2026-09-05 23:52:34,993 [INFO] Guardado: Primeras canciones — Federico García Lorca
2026-09-05 23:52:37,839 [INFO] (138/150) Procesando ficha: https://ww3.lectulandia.co/book/el-hombre-de-negro/
2026-09-05 23:52:38,695 [INFO] Guardado: El hombre de negro — Wilkie Collins
2026-09-05 23:52:40,905 [INFO] (139/150) Procesando ficha: https://ww3.lectulandia.co/book/cuentos-de-canterbury/
2026-09-05 23:52:41,516 [INFO] Guardado: Cuentos de Canterbury — Geoffrey Chaucer
2026-09-05 23:52:44,142 [INFO] (140/150) Procesando ficha: https://ww3.lectulandia.co/book/la-ley-y-la-dama/
2026-09-05 23:52:44,788 [INFO] Guardado: La ley y la dama — Wilkie Collins
2026-09-05 23:52:47,993 [INFO] (141/150) Procesando ficha: https://ww3.lectulandia.co/book/apologia-de-socrates/
2026-09-05 23:52:48,661 [INFO] Guardado: Apología de Sócrates — Platón
2026-09-05 23:52:51,434 [INFO] (142/150) Procesando ficha: https://ww3.lectulandia.co/book/armadale/
2026-09-05 23:52:52,181 [INFO] Guardado: Armadale — Wilkie Collins
2026-09-05 23:52:54,279 [INFO] (143/150) Procesando ficha: https://ww3.lectulandia.co/book/el-legado-de-cain/
2026-09-05 23:52:55,034 [INFO] Guardado: El legado de Caín — Wilkie Collins
2026-09-05 23:52:57,216 [INFO] (144/150) Procesando ficha: https://ww3.lectulandia.co/book/la-historia-de-genji/
2026-09-05 23:52:57,731 [INFO] Guardado: La historia de Genji — Murasaki Shikibu
2026-09-05 23:53:00,132 [INFO] (145/150) Procesando ficha: https://ww3.lectulandia.co/book/absalon-absalon/
2026-09-05 23:53:00,509 [INFO] Guardado: ¡Absalón, Absalón! — William Faulkner
2026-09-05 23:53:02,028 [INFO] (146/150) Procesando ficha: https://ww3.lectulandia.co/book/el-papa-del-mar/
2026-09-05 23:53:02,575 [INFO] Guardado: El Papa del mar — Vicente Blasco Ibáñez
2026-09-05 23:53:05,155 [INFO] (147/150) Procesando ficha: https://ww3.lectulandia.co/book/rebelion-en-la-granja/
2026-09-05 23:53:05,738 [INFO] Guardado: Rebelión en la granja — George Orwell
2026-09-05 23:53:07,510 [INFO] (148/150) Procesando ficha: https://ww3.lectulandia.co/book/ferdydurke/
2026-09-05 23:53:08,159 [INFO] Guardado: Ferdydurke — Witold Gombrowicz
2026-09-05 23:53:11,064 [INFO] (149/150) Procesando ficha: https://ww3.lectulandia.co/book/el-loco/
2026-09-05 23:53:11,586 [INFO] Guardado: El loco — Gibran Khalil Gibran
2026-09-05 23:53:13,221 [INFO] (150/150) Procesando ficha: https://ww3.lectulandia.co/book/totem-y-tabu/
2026-09-05 23:53:13,740 [INFO] Guardado: Tótem y tabú — Sigmund Freud
2026-09-05 23:53:16,023 [INFO] Scraping finalizado. Libros válidos guardados: 150
2026-09-05 23:53:16,725 [INFO] ----- Controles mínimos de calidad -----
2026-09-05 23:53:16,726 [INFO] Duplicados por url_libro: 0 (esperado 0)
2026-09-05 23:53:16,727 [INFO] Registros sin título: 0 (esperado 0)
2026-09-05 23:53:16,727 [INFO] URLs inválidas: 0 (esperado 0)
2026-09-05 23:53:16,728 [INFO] Registros con sinopsis: 124/150 (82.7%) (se espera mayoría)
2026-09-05 23:53:16,728 [INFO] Registros con autor: 150/150
2026-09-05 23:53:16,728 [INFO] Registros con géneros: 150/150
2026-09-05 23:53:16,728 [INFO] Cantidad final de libros: 150 (objetivo: 150)
2026-09-05 23:53:16,728 [INFO] Archivo final generado en: D:\OneDrive\2025_Cosas_Mias_TUIA\GitHub\TUIA_Segundo\2Cuatrimestre\4C_PNL\TP1\libros.csv
2026-09-05 23:54:43,463 [INFO] Inicio del scraping. Objetivo: los primeros 10 libros de la categoría 'Clásico'
2026-09-05 23:54:49,944 [INFO] Recorriendo página de categoría 1: https://ww3.lectulandia.co/genero/clasico/
2026-09-05 23:54:50,611 [INFO] Total de fichas únicas acumuladas: 24
2026-09-05 23:54:50,612 [INFO] URLs de fichas recolectadas: 10
2026-09-05 23:54:50,612 [INFO] (1/10) Procesando ficha: https://ww3.lectulandia.co/book/el-molino-del-floss/
2026-09-05 23:54:51,074 [INFO] Guardado: El molino del Floss — George Eliot
2026-09-05 23:54:53,027 [INFO] (2/10) Procesando ficha: https://ww3.lectulandia.co/book/middlemarch/
2026-09-05 23:54:53,564 [INFO] Guardado: Middlemarch — George Eliot
2026-09-05 23:54:55,343 [INFO] (3/10) Procesando ficha: https://ww3.lectulandia.co/book/otelo-el-moro-de-venecia/
2026-09-05 23:54:55,867 [INFO] Guardado: Otelo, el moro de Venecia — William Shakespeare
2026-09-05 23:54:58,628 [INFO] (4/10) Procesando ficha: https://ww3.lectulandia.co/book/hamlet/
2026-09-05 23:54:59,159 [INFO] Guardado: Hamlet — William Shakespeare
2026-09-05 23:55:02,652 [INFO] (5/10) Procesando ficha: https://ww3.lectulandia.co/book/la-sombra-del-cipres-es-alargada/
2026-09-05 23:55:03,174 [INFO] Guardado: La sombra del ciprés es alargada — Miguel Delibes
2026-09-05 23:55:05,379 [INFO] (6/10) Procesando ficha: https://ww3.lectulandia.co/book/la-respuesta-es-no/
2026-09-05 23:55:05,869 [INFO] Guardado: La respuesta es no — Wilkie Collins
2026-09-05 23:55:08,016 [INFO] (7/10) Procesando ficha: https://ww3.lectulandia.co/book/la-vida-es-sueno/
2026-09-05 23:55:08,548 [INFO] Guardado: La vida es sueño — Pedro Calderón de la Barca
2026-09-05 23:55:10,543 [INFO] (8/10) Procesando ficha: https://ww3.lectulandia.co/book/el-grillo-del-hogar-ilustrado/
2026-09-05 23:55:10,892 [INFO] Guardado: El grillo del hogar (Ilustrado) — Charles Dickens
2026-09-05 23:55:13,435 [INFO] (9/10) Procesando ficha: https://ww3.lectulandia.co/book/el-jardin-de-los-cerezos/
2026-09-05 23:55:14,000 [INFO] Guardado: El jardín de los cerezos — Antón Chéjov
2026-09-05 23:55:15,808 [INFO] (10/10) Procesando ficha: https://ww3.lectulandia.co/book/macbeth/
2026-09-05 23:55:16,449 [INFO] Guardado: Macbeth — William Shakespeare
2026-09-05 23:55:19,170 [INFO] Scraping finalizado. Libros válidos guardados: 10
2026-09-05 23:55:19,192 [INFO] ----- Controles mínimos de calidad -----
2026-09-05 23:55:19,193 [INFO] Duplicados por url_libro: 0 (esperado 0)
2026-09-05 23:55:19,194 [INFO] Registros sin título: 0 (esperado 0)
2026-09-05 23:55:19,194 [INFO] URLs inválidas: 0 (esperado 0)
2026-09-05 23:55:19,194 [INFO] Registros con sinopsis: 2/10 (20.0%) (se espera mayoría)
2026-09-05 23:55:19,195 [INFO] Registros con autor: 10/10
2026-09-05 23:55:19,195 [INFO] Registros con géneros: 10/10
2026-09-05 23:55:19,195 [INFO] Cantidad final de libros: 10 (objetivo: 10)
2026-09-05 23:55:19,195 [INFO] Archivo final generado en: D:\OneDrive\2025_Cosas_Mias_TUIA\GitHub\TUIA_Segundo\2Cuatrimestre\4C_PNL\TP1\libros.csv
2026-09-06 11:46:04,088 [INFO] Inicio del scraping. Objetivo: los primeros 150 libros de la categoría 'Clásico'
2026-09-06 11:46:05,293 [INFO] Recorriendo página de categoría 1: https://ww3.lectulandia.co/genero/clasico/
2026-09-06 11:46:06,026 [INFO] Total de fichas únicas acumuladas: 24
2026-09-06 11:46:09,433 [INFO] Recorriendo página de categoría 2: https://ww3.lectulandia.co/genero/clasico/page/2/
2026-09-06 11:46:09,818 [INFO] Total de fichas únicas acumuladas: 48
2026-09-06 11:46:12,074 [INFO] Recorriendo página de categoría 3: https://ww3.lectulandia.co/genero/clasico/page/3/
2026-09-06 11:46:13,050 [INFO] Total de fichas únicas acumuladas: 72
2026-09-06 11:46:16,276 [INFO] Recorriendo página de categoría 4: https://ww3.lectulandia.co/genero/clasico/page/4/
2026-09-06 11:46:16,998 [INFO] Total de fichas únicas acumuladas: 96
2026-09-06 11:46:20,242 [INFO] Recorriendo página de categoría 5: https://ww3.lectulandia.co/genero/clasico/page/5/
2026-09-06 11:46:20,946 [INFO] Total de fichas únicas acumuladas: 120
2026-09-06 11:46:22,525 [INFO] Recorriendo página de categoría 6: https://ww3.lectulandia.co/genero/clasico/page/6/
2026-09-06 11:46:23,222 [INFO] Total de fichas únicas acumuladas: 144
2026-09-06 11:46:26,514 [INFO] Recorriendo página de categoría 7: https://ww3.lectulandia.co/genero/clasico/page/7/
2026-09-06 11:46:27,263 [INFO] Total de fichas únicas acumuladas: 168
2026-09-06 11:46:27,264 [INFO] URLs de fichas recolectadas: 150
2026-09-06 11:46:27,264 [INFO] (1/150) Procesando ficha: https://ww3.lectulandia.co/book/el-molino-del-floss/
2026-09-06 11:46:27,904 [INFO] Guardado: El molino del Floss — George Eliot
2026-09-06 11:46:30,520 [INFO] (2/150) Procesando ficha: https://ww3.lectulandia.co/book/middlemarch/
2026-09-06 11:46:31,038 [INFO] Guardado: Middlemarch — George Eliot
2026-09-06 11:46:32,806 [INFO] (3/150) Procesando ficha: https://ww3.lectulandia.co/book/otelo-el-moro-de-venecia/
2026-09-06 11:46:33,559 [INFO] Guardado: Otelo, el moro de Venecia — William Shakespeare
2026-09-06 11:46:37,027 [INFO] (4/150) Procesando ficha: https://ww3.lectulandia.co/book/hamlet/
2026-09-06 11:46:38,184 [INFO] Guardado: Hamlet — William Shakespeare
2026-09-06 11:46:41,452 [INFO] (5/150) Procesando ficha: https://ww3.lectulandia.co/book/la-sombra-del-cipres-es-alargada/
2026-09-06 11:46:42,291 [INFO] Guardado: La sombra del ciprés es alargada — Miguel Delibes
2026-09-06 11:46:44,495 [INFO] (6/150) Procesando ficha: https://ww3.lectulandia.co/book/la-respuesta-es-no/
2026-09-06 11:46:45,076 [INFO] Guardado: La respuesta es no — Wilkie Collins
2026-09-06 11:46:47,883 [INFO] (7/150) Procesando ficha: https://ww3.lectulandia.co/book/la-vida-es-sueno/
2026-09-06 11:46:48,719 [INFO] Guardado: La vida es sueño — Pedro Calderón de la Barca
2026-09-06 11:46:51,576 [INFO] (8/150) Procesando ficha: https://ww3.lectulandia.co/book/el-grillo-del-hogar-ilustrado/
2026-09-06 11:46:52,257 [INFO] Guardado: El grillo del hogar (Ilustrado) — Charles Dickens
2026-09-06 11:46:55,367 [INFO] (9/150) Procesando ficha: https://ww3.lectulandia.co/book/el-jardin-de-los-cerezos/
2026-09-06 11:46:56,106 [INFO] Guardado: El jardín de los cerezos — Antón Chéjov
2026-09-06 11:46:58,429 [INFO] (10/150) Procesando ficha: https://ww3.lectulandia.co/book/macbeth/
2026-09-06 11:46:59,177 [INFO] Guardado: Macbeth — William Shakespeare
2026-09-06 11:47:02,354 [INFO] (11/150) Procesando ficha: https://ww3.lectulandia.co/book/a-este-lado-del-paraiso/
2026-09-06 11:47:03,062 [INFO] Guardado: A este lado del paraíso — Francis Scott Fitzgerald
2026-09-06 11:47:05,061 [INFO] (12/150) Procesando ficha: https://ww3.lectulandia.co/book/la-segunda-casaca/
2026-09-06 11:47:05,630 [INFO] Guardado: La segunda casaca — Benito Pérez Galdós
2026-09-06 11:47:07,282 [INFO] (13/150) Procesando ficha: https://ww3.lectulandia.co/book/casa-de-munecas/
2026-09-06 11:47:08,137 [INFO] Guardado: Casa de muñecas — Henrik Ibsen
2026-09-06 11:47:10,760 [INFO] (14/150) Procesando ficha: https://ww3.lectulandia.co/book/juan-martin-el-empecinado/
2026-09-06 11:47:11,558 [INFO] Guardado: Juan Martín el Empecinado — Benito Pérez Galdós
2026-09-06 11:47:14,222 [INFO] (15/150) Procesando ficha: https://ww3.lectulandia.co/book/el-contrato-social/
2026-09-06 11:47:15,162 [INFO] Guardado: El contrato social — Jean-Jacques Rousseau
2026-09-06 11:47:16,725 [INFO] (16/150) Procesando ficha: https://ww3.lectulandia.co/book/el-grande-de-oriente/
2026-09-06 11:47:17,406 [INFO] Guardado: El Grande Oriente — Benito Pérez Galdós
2026-09-06 11:47:20,655 [INFO] (17/150) Procesando ficha: https://ww3.lectulandia.co/book/7-de-julio/
2026-09-06 11:47:21,416 [INFO] Guardado: 7 de julio — Benito Pérez Galdós
2026-09-06 11:47:23,693 [INFO] (18/150) Procesando ficha: https://ww3.lectulandia.co/book/los-cien-mil-hijos-de-san-luis/
2026-09-06 11:47:24,461 [INFO] Guardado: Los cien mil hijos de san Luis — Benito Pérez Galdós
2026-09-06 11:47:25,966 [INFO] (19/150) Procesando ficha: https://ww3.lectulandia.co/book/preparacion-del-actor/
2026-09-06 11:47:26,745 [INFO] Guardado: Preparación del actor — Konstantin Stanislavski
2026-09-06 11:47:28,417 [INFO] (20/150) Procesando ficha: https://ww3.lectulandia.co/book/el-terror-de-1824/
2026-09-06 11:47:29,342 [INFO] Guardado: El terror de 1824 — Benito Pérez Galdós
2026-09-06 11:47:31,119 [INFO] (21/150) Procesando ficha: https://ww3.lectulandia.co/book/los-apostolicos/
2026-09-06 11:47:31,642 [INFO] Guardado: Los apostólicos — Benito Pérez Galdós
2026-09-06 11:47:34,228 [INFO] (22/150) Procesando ficha: https://ww3.lectulandia.co/book/un-faccioso-mas-y-algunos-frailes-menos/
2026-09-06 11:47:35,072 [INFO] Guardado: Un faccioso más y algunos frailes menos — Benito Pérez Galdós
2026-09-06 11:47:38,517 [INFO] (23/150) Procesando ficha: https://ww3.lectulandia.co/book/un-voluntario-realista/
2026-09-06 11:47:39,256 [INFO] Guardado: Un voluntario realista — Benito Pérez Galdós
2026-09-06 11:47:42,594 [INFO] (24/150) Procesando ficha: https://ww3.lectulandia.co/book/narraciones-extraordinarias/
2026-09-06 11:47:43,389 [INFO] Guardado: Narraciones extraordinarias — Edgar Allan Poe
2026-09-06 11:47:45,642 [INFO] (25/150) Procesando ficha: https://ww3.lectulandia.co/book/zumalacarregui/
2026-09-06 11:47:46,464 [INFO] Guardado: Zumalacárregui — Benito Pérez Galdós
2026-09-06 11:47:49,316 [INFO] (26/150) Procesando ficha: https://ww3.lectulandia.co/book/vampiros-ilustrado/
2026-09-06 11:47:50,046 [INFO] Guardado: Vampiros (Ilustrado) — Alexandre Dumas
2026-09-06 11:47:52,262 [INFO] (27/150) Procesando ficha: https://ww3.lectulandia.co/book/el-cura-de-tours/
2026-09-06 11:47:52,755 [INFO] Guardado: El cura de Tours — Honoré de Balzac
2026-09-06 11:47:55,080 [INFO] (28/150) Procesando ficha: https://ww3.lectulandia.co/book/la-gaviota/
2026-09-06 11:47:55,934 [INFO] Guardado: La Gaviota — Antón Chéjov
2026-09-06 11:47:59,419 [INFO] (29/150) Procesando ficha: https://ww3.lectulandia.co/book/dracula-ilustrado/
2026-09-06 11:48:00,070 [INFO] Guardado: Drácula (Ilustrado) — Bram Stoker
2026-09-06 11:48:03,285 [INFO] (30/150) Procesando ficha: https://ww3.lectulandia.co/book/la-pequena-dorrit/
2026-09-06 11:48:03,899 [INFO] Guardado: La pequeña Dorrit — Charles Dickens
2026-09-06 11:48:05,484 [INFO] (31/150) Procesando ficha: https://ww3.lectulandia.co/book/nuestro-amigo-comun/
2026-09-06 11:48:06,056 [INFO] Guardado: Nuestro amigo común — Charles Dickens
2026-09-06 11:48:08,537 [INFO] (32/150) Procesando ficha: https://ww3.lectulandia.co/book/el-misterio-de-edwin-drood/
2026-09-06 11:48:09,316 [INFO] Guardado: El misterio de Edwin Drood — Charles Dickens
2026-09-06 11:48:12,343 [INFO] (33/150) Procesando ficha: https://ww3.lectulandia.co/book/tiempos-dificiles/
2026-09-06 11:48:12,796 [INFO] Guardado: Tiempos difíciles — Charles Dickens
2026-09-06 11:48:16,264 [INFO] (34/150) Procesando ficha: https://ww3.lectulandia.co/book/la-tienda-de-antiguedades/
2026-09-06 11:48:16,831 [INFO] Guardado: La tienda de antigüedades — Charles Dickens
2026-09-06 11:48:19,753 [INFO] (35/150) Procesando ficha: https://ww3.lectulandia.co/book/la-senora-lirriper/
2026-09-06 11:48:20,516 [INFO] Guardado: La Señora Lirriper — Charles Dickens
2026-09-06 11:48:23,305 [INFO] (36/150) Procesando ficha: https://ww3.lectulandia.co/book/la-casa-de-shakespeare/
2026-09-06 11:48:23,830 [INFO] Guardado: La casa de Shakespeare — Benito Pérez Galdós
2026-09-06 11:48:26,668 [INFO] (37/150) Procesando ficha: https://ww3.lectulandia.co/book/los-dos-hidalgos-de-verona/
2026-09-06 11:48:27,383 [INFO] Guardado: Los dos hidalgos de Verona — William Shakespeare
2026-09-06 11:48:29,466 [INFO] (38/150) Procesando ficha: https://ww3.lectulandia.co/book/llenos-de-vida/
2026-09-06 11:48:30,271 [INFO] Guardado: Llenos de vida — John Fante
2026-09-06 11:48:32,756 [INFO] (39/150) Procesando ficha: https://ww3.lectulandia.co/book/morfina/
2026-09-06 11:48:33,507 [INFO] Guardado: Morfina — Mijaíl Bulgákov
2026-09-06 11:48:35,792 [INFO] (40/150) Procesando ficha: https://ww3.lectulandia.co/book/marido-y-mujer/
2026-09-06 11:48:36,247 [INFO] Guardado: Marido y mujer — Wilkie Collins
2026-09-06 11:48:39,617 [INFO] (41/150) Procesando ficha: https://ww3.lectulandia.co/book/del-asesinato-considerado-como-una-de-las-bellas-artes/
2026-09-06 11:48:40,389 [INFO] Guardado: Del asesinato considerado como una de las bellas artes — Thomas De Quincey
2026-09-06 11:48:42,028 [INFO] (42/150) Procesando ficha: https://ww3.lectulandia.co/book/dafnis-y-cloe/
2026-09-06 11:48:42,867 [INFO] Guardado: Dafnis y Cloe — Longo
2026-09-06 11:48:44,555 [INFO] (43/150) Procesando ficha: https://ww3.lectulandia.co/book/mansfield-park/
2026-09-06 11:48:45,406 [INFO] Guardado: Mansfield Park — Jane Austen
2026-09-06 11:48:48,601 [INFO] (44/150) Procesando ficha: https://ww3.lectulandia.co/book/la-educacion-sentimental/
2026-09-06 11:48:49,402 [INFO] Guardado: La educación sentimental — Gustave Flaubert
2026-09-06 11:48:50,990 [INFO] (45/150) Procesando ficha: https://ww3.lectulandia.co/book/textos-fronterizos/
2026-09-06 11:48:51,751 [INFO] Guardado: Textos fronterizos — Horacio Quiroga
2026-09-06 11:48:54,812 [INFO] (46/150) Procesando ficha: https://ww3.lectulandia.co/book/las-aventuras-de-pinocho/
2026-09-06 11:48:55,572 [INFO] Guardado: Las aventuras de Pinocho — Carlo Collodi
2026-09-06 11:48:58,317 [INFO] (47/150) Procesando ficha: https://ww3.lectulandia.co/book/el-rey-lear/
2026-09-06 11:48:59,097 [INFO] Guardado: El rey Lear — William Shakespeare
2026-09-06 11:49:02,571 [INFO] (48/150) Procesando ficha: https://ww3.lectulandia.co/book/el-mundo-de-guermantes/
2026-09-06 11:49:03,296 [INFO] Guardado: El mundo de Guermantes — Marcel Proust
2026-09-06 11:49:06,001 [INFO] (49/150) Procesando ficha: https://ww3.lectulandia.co/book/el-amor-el-dandismo-y-la-intriga/
2026-09-06 11:49:06,752 [INFO] Guardado: El amor, el dandismo y la intriga — Pío Baroja
2026-09-06 11:49:10,054 [INFO] (50/150) Procesando ficha: https://ww3.lectulandia.co/book/apologia-de-socrates-trad-gredos/
2026-09-06 11:49:10,883 [INFO] Guardado: Apología de Sócrates (Trad. Gredos) — Platón
2026-09-06 11:49:14,072 [INFO] (51/150) Procesando ficha: https://ww3.lectulandia.co/book/criton-trad-gredos/
2026-09-06 11:49:14,675 [INFO] Guardado: Critón (Trad. Gredos) — Platón
2026-09-06 11:49:17,111 [INFO] (52/150) Procesando ficha: https://ww3.lectulandia.co/book/servidumbre-humana/
2026-09-06 11:49:17,710 [INFO] Guardado: Servidumbre humana — William Somerset Maugham
2026-09-06 11:49:20,507 [INFO] (53/150) Procesando ficha: https://ww3.lectulandia.co/book/canciones-de-inocencia-y-de-experiencia/
2026-09-06 11:49:21,623 [INFO] Guardado: Canciones de inocencia y de experiencia — William Blake
2026-09-06 11:49:23,766 [INFO] (54/150) Procesando ficha: https://ww3.lectulandia.co/book/la-hija-de-jezabel/
2026-09-06 11:49:24,268 [INFO] Guardado: La hija de Jezabel — Wilkie Collins
2026-09-06 11:49:26,968 [INFO] (55/150) Procesando ficha: https://ww3.lectulandia.co/book/el-18-brumario-de-luis-bonaparte/
2026-09-06 11:49:27,562 [INFO] Guardado: El 18 Brumario de Luis Bonaparte — Karl Marx
2026-09-06 11:49:30,580 [INFO] (56/150) Procesando ficha: https://ww3.lectulandia.co/book/tesis-sobre-feuerbach-version-ade/
2026-09-06 11:49:44,488 [INFO] Guardado: Tesis sobre Feuerbach (versión ADE) — Karl Marx
2026-09-06 11:49:47,570 [INFO] (57/150) Procesando ficha: https://ww3.lectulandia.co/book/diferencia-de-la-filosofia-de-la-naturaleza-en-democrito-y-epicuro-version-ade/
2026-09-06 11:49:48,404 [INFO] Guardado: Diferencia de la filosofía de la naturaleza en Demócrito y Epicuro (versión ADE) — Karl Marx
2026-09-06 11:49:50,819 [INFO] (58/150) Procesando ficha: https://ww3.lectulandia.co/book/el-18-brumario-de-luis-bonaparte-version-ade/
2026-09-06 11:49:51,979 [INFO] Guardado: El 18 Brumario de Luis Bonaparte (versión ADE) — Karl Marx
2026-09-06 11:49:53,949 [INFO] (59/150) Procesando ficha: https://ww3.lectulandia.co/book/la-tempestad/
2026-09-06 11:49:54,883 [INFO] Guardado: La tempestad — William Shakespeare
2026-09-06 11:49:57,945 [INFO] (60/150) Procesando ficha: https://ww3.lectulandia.co/book/mujercitas/
2026-09-06 11:49:58,540 [INFO] Guardado: Mujercitas — Louisa May Alcott
2026-09-06 11:50:01,335 [INFO] (61/150) Procesando ficha: https://ww3.lectulandia.co/book/sobre-el-arte-de-contar-historias/
2026-09-06 11:50:02,044 [INFO] Guardado: Sobre el arte de contar historias — Horacio Quiroga
2026-09-06 11:50:05,246 [INFO] (62/150) Procesando ficha: https://ww3.lectulandia.co/book/cuentos-dispersos/
2026-09-06 11:50:05,764 [INFO] Guardado: Cuentos dispersos — Horacio Quiroga
2026-09-06 11:50:07,980 [INFO] (63/150) Procesando ficha: https://ww3.lectulandia.co/book/fabulas-morales/
2026-09-06 11:50:08,697 [INFO] Guardado: Fábulas morales — Félix María Samaniego
2026-09-06 11:50:12,020 [INFO] (64/150) Procesando ficha: https://ww3.lectulandia.co/book/germinal/
2026-09-06 11:50:12,611 [INFO] Guardado: Germinal — Émile Zola
2026-09-06 11:50:16,076 [INFO] (65/150) Procesando ficha: https://ww3.lectulandia.co/book/el-secreto-de-sarah/
2026-09-06 11:50:16,629 [INFO] Guardado: El secreto de Sarah — Wilkie Collins
2026-09-06 11:50:19,640 [INFO] (66/150) Procesando ficha: https://ww3.lectulandia.co/book/la-venus-de-las-pieles/
2026-09-06 11:50:20,236 [INFO] Guardado: La Venus de las pieles — Leopold von Sacher-Masoch
2026-09-06 11:50:22,145 [INFO] (67/150) Procesando ficha: https://ww3.lectulandia.co/book/julio-cesar/
2026-09-06 11:50:22,900 [INFO] Guardado: Julio César — William Shakespeare
2026-09-06 11:50:26,057 [INFO] (68/150) Procesando ficha: https://ww3.lectulandia.co/book/el-candor-del-padre-brown/
2026-09-06 11:50:26,902 [INFO] Guardado: El candor del padre Brown — Gilbert Keith Chesterton
2026-09-06 11:50:30,019 [INFO] (69/150) Procesando ficha: https://ww3.lectulandia.co/book/mendel-el-de-los-libros/
2026-09-06 11:50:30,622 [INFO] Guardado: Mendel el de los libros — Stefan Zweig
2026-09-06 11:50:32,600 [INFO] (70/150) Procesando ficha: https://ww3.lectulandia.co/book/poder-burgues-y-poder-revolucionario/
2026-09-06 11:50:33,400 [INFO] Guardado: Poder burgués y poder revolucionario — Mario Roberto Santucho
2026-09-06 11:50:35,282 [INFO] (71/150) Procesando ficha: https://ww3.lectulandia.co/book/el-alcalde-de-zalamea/
2026-09-06 11:50:36,077 [INFO] Guardado: El alcalde de Zalamea — Pedro Calderón de la Barca
2026-09-06 11:50:38,693 [INFO] (72/150) Procesando ficha: https://ww3.lectulandia.co/book/relatos-1-1913-1927/
2026-09-06 11:50:39,492 [INFO] Guardado: Relatos 1 (1913-1927) — Bertolt Brecht
2026-09-06 11:50:42,686 [INFO] (73/150) Procesando ficha: https://ww3.lectulandia.co/book/relatos-2-1927-1949/
2026-09-06 11:50:43,532 [INFO] Guardado: Relatos 2 (1927-1949) — Bertolt Brecht
2026-09-06 11:50:45,141 [INFO] (74/150) Procesando ficha: https://ww3.lectulandia.co/book/basil/
2026-09-06 11:50:45,961 [INFO] Guardado: Basil — Wilkie Collins
2026-09-06 11:50:47,538 [INFO] (75/150) Procesando ficha: https://ww3.lectulandia.co/book/los-pazos-de-ulloa/
2026-09-06 11:50:48,333 [INFO] Guardado: Los pazos de Ulloa — Emilia Pardo Bazán
2026-09-06 11:50:50,699 [INFO] (76/150) Procesando ficha: https://ww3.lectulandia.co/book/viaje-al-oeste-las-aventuras-del-rey-mono/
2026-09-06 11:50:51,323 [INFO] Guardado: Viaje al Oeste. Las aventuras del Rey Mono — Anónimo
2026-09-06 11:50:54,008 [INFO] (77/150) Procesando ficha: https://ww3.lectulandia.co/book/emma/
2026-09-06 11:50:54,778 [INFO] Guardado: Emma — Jane Austen
2026-09-06 11:50:57,728 [INFO] (78/150) Procesando ficha: https://ww3.lectulandia.co/book/el-fantasma-de-la-opera/
2026-09-06 11:50:58,630 [INFO] Guardado: El fantasma de la ópera — Gastón Leroux
2026-09-06 11:51:01,315 [INFO] (79/150) Procesando ficha: https://ww3.lectulandia.co/book/las-hojas-caidas/
2026-09-06 11:51:01,924 [INFO] Guardado: Las hojas caídas — Wilkie Collins
2026-09-06 11:51:04,563 [INFO] (80/150) Procesando ficha: https://ww3.lectulandia.co/book/cuentos-completos-vladimir-nabokov/
2026-09-06 11:51:05,410 [INFO] Guardado: Cuentos completos — Vladimir Nabokov
2026-09-06 11:51:07,033 [INFO] (81/150) Procesando ficha: https://ww3.lectulandia.co/book/el-vampiro/
2026-09-06 11:51:07,890 [INFO] Guardado: El vampiro — John William Polidori
2026-09-06 11:51:10,366 [INFO] (82/150) Procesando ficha: https://ww3.lectulandia.co/book/diferencia-de-la-filosofia-de-la-naturaleza-en-democrito-y-epicuro/
2026-09-06 11:51:11,171 [INFO] Guardado: Diferencia de la filosofía de la naturaleza en Demócrito y Epicuro — Karl Marx
2026-09-06 11:51:13,069 [INFO] (83/150) Procesando ficha: https://ww3.lectulandia.co/book/el-retrato-de-dorian-gray/
2026-09-06 11:51:14,067 [INFO] Guardado: El retrato de Dorian Gray — Oscar Wilde
2026-09-06 11:51:16,900 [INFO] (84/150) Procesando ficha: https://ww3.lectulandia.co/book/kokoro/
2026-09-06 11:51:17,404 [INFO] Guardado: Kokoro — Natsume Söseki
2026-09-06 11:51:20,108 [INFO] (85/150) Procesando ficha: https://ww3.lectulandia.co/book/botchan/
2026-09-06 11:51:20,950 [INFO] Guardado: Botchan — Natsume Söseki
2026-09-06 11:51:24,370 [INFO] (86/150) Procesando ficha: https://ww3.lectulandia.co/book/musashi/
2026-09-06 11:51:25,011 [INFO] Guardado: Musashi — Eiji Yoshikawa
2026-09-06 11:51:27,120 [INFO] (87/150) Procesando ficha: https://ww3.lectulandia.co/book/guerra-y-paz-ed-muchnik/
2026-09-06 11:51:27,754 [INFO] Guardado: Guerra y paz (Ed. Muchnik) — León Tolstói
2026-09-06 11:51:30,280 [INFO] (88/150) Procesando ficha: https://ww3.lectulandia.co/book/el-barrio-maldito/
2026-09-06 11:51:31,009 [INFO] Guardado: El barrio maldito — Félix Urabayen
2026-09-06 11:51:34,288 [INFO] (89/150) Procesando ficha: https://ww3.lectulandia.co/book/tiempo-de-silencio/
2026-09-06 11:51:35,160 [INFO] Guardado: Tiempo de silencio — Luis Martín-Santos
2026-09-06 11:51:37,194 [INFO] (90/150) Procesando ficha: https://ww3.lectulandia.co/book/senda-hacia-tierras-hondas/
2026-09-06 11:51:38,010 [INFO] Guardado: Senda hacia tierras hondas — Bashô Matsuo
2026-09-06 11:51:39,870 [INFO] (91/150) Procesando ficha: https://ww3.lectulandia.co/book/lisistrata/
2026-09-06 11:51:40,525 [INFO] Guardado: Lisístrata — Aristófanes
2026-09-06 11:51:43,460 [INFO] (92/150) Procesando ficha: https://ww3.lectulandia.co/book/alrededor-de-la-luna/
2026-09-06 11:51:44,257 [INFO] Guardado: Alrededor de la luna — Julio Verne
2026-09-06 11:51:45,949 [INFO] (93/150) Procesando ficha: https://ww3.lectulandia.co/book/robin-hood-2/
2026-09-06 11:51:46,745 [INFO] Guardado: Robin Hood — Anónimo
2026-09-06 11:51:49,453 [INFO] (94/150) Procesando ficha: https://ww3.lectulandia.co/book/don-juan-tenorio/
2026-09-06 11:51:50,215 [INFO] Guardado: Don Juan Tenorio — José Zorrilla
2026-09-06 11:51:52,804 [INFO] (95/150) Procesando ficha: https://ww3.lectulandia.co/book/los-tres-mosqueteros/
2026-09-06 11:51:53,723 [INFO] Guardado: Los tres mosqueteros — Alexandre Dumas
2026-09-06 11:51:56,960 [INFO] (96/150) Procesando ficha: https://ww3.lectulandia.co/book/de-la-tierra-a-la-luna/
2026-09-06 11:51:57,791 [INFO] Guardado: De la Tierra a la Luna — Julio Verne
2026-09-06 11:51:59,836 [INFO] (97/150) Procesando ficha: https://ww3.lectulandia.co/book/las-furias/
2026-09-06 11:52:00,594 [INFO] Guardado: Las furias — Pío Baroja
2026-09-06 11:52:02,796 [INFO] (98/150) Procesando ficha: https://ww3.lectulandia.co/book/el-amante/
2026-09-06 11:52:03,629 [INFO] Guardado: El amante — Marguerite Duras
2026-09-06 11:52:07,119 [INFO] (99/150) Procesando ficha: https://ww3.lectulandia.co/book/la-abadia-de-northanger/
2026-09-06 11:52:07,955 [INFO] Guardado: La abadía de Northanger — Jane Austen
2026-09-06 11:52:09,628 [INFO] (100/150) Procesando ficha: https://ww3.lectulandia.co/book/el-extrano-caso-del-dr-jekyll-y-mr-hyde/
2026-09-06 11:52:10,478 [INFO] Guardado: El extraño caso del Dr. Jekyll y Mr. Hyde — Robert Louis Stevenson
2026-09-06 11:52:12,061 [INFO] (101/150) Procesando ficha: https://ww3.lectulandia.co/book/mas-alla-y-otros-cuentos/
2026-09-06 11:52:12,740 [INFO] Guardado: Más allá y otros cuentos — Horacio Quiroga
2026-09-06 11:52:14,459 [INFO] (102/150) Procesando ficha: https://ww3.lectulandia.co/book/los-desterrados-y-otros-cuentos/
2026-09-06 11:52:15,117 [INFO] Guardado: Los desterrados y otros cuentos — Horacio Quiroga
2026-09-06 11:52:18,049 [INFO] (103/150) Procesando ficha: https://ww3.lectulandia.co/book/el-desierto-y-otros-cuentos/
2026-09-06 11:52:18,771 [INFO] Guardado: El desierto y otros cuentos — Horacio Quiroga
2026-09-06 11:52:20,681 [INFO] (104/150) Procesando ficha: https://ww3.lectulandia.co/book/la-cartuja-de-parma/
2026-09-06 11:52:21,420 [INFO] Guardado: La cartuja de Parma — Stendhal
2026-09-06 11:52:23,068 [INFO] (105/150) Procesando ficha: https://ww3.lectulandia.co/book/macbeth-una-tragedia-en-5-actos/
2026-09-06 11:52:23,920 [INFO] Guardado: Macbeth. Una tragedia en 5 actos — William Shakespeare
2026-09-06 11:52:26,862 [INFO] (106/150) Procesando ficha: https://ww3.lectulandia.co/book/las-mil-y-una-noches-trad-de-juan-vernet/
2026-09-06 11:52:27,672 [INFO] Guardado: Las mil y una noches (trad. de Juan Vernet) — Anónimo
2026-09-06 11:52:30,212 [INFO] (107/150) Procesando ficha: https://ww3.lectulandia.co/book/la-peste/
2026-09-06 11:52:31,046 [INFO] Guardado: La peste — Albert Camus
2026-09-06 11:52:32,566 [INFO] (108/150) Procesando ficha: https://ww3.lectulandia.co/book/pequeno-hombre-y-ahora-que/
2026-09-06 11:52:33,398 [INFO] Guardado: Pequeño hombre ¿y ahora qué? — Hans Fallada
2026-09-06 11:52:34,908 [INFO] (109/150) Procesando ficha: https://ww3.lectulandia.co/book/el-fulgor-y-la-sangre/
2026-09-06 11:52:35,722 [INFO] Guardado: El fulgor y la sangre — Ignacio Aldecoa
2026-09-06 11:52:38,926 [INFO] (110/150) Procesando ficha: https://ww3.lectulandia.co/book/ana-karenina/
2026-09-06 11:52:39,625 [INFO] Guardado: Ana Karenina — León Tolstói
2026-09-06 11:52:41,827 [INFO] (111/150) Procesando ficha: https://ww3.lectulandia.co/book/anna-karenina-ed-alba-2010/
2026-09-06 11:52:42,669 [INFO] Guardado: Anna Karénina (Ed. Alba 2010) — León Tolstói
2026-09-06 11:52:46,014 [INFO] (112/150) Procesando ficha: https://ww3.lectulandia.co/book/guerra-y-paz/
2026-09-06 11:52:46,852 [INFO] Guardado: Guerra y paz — León Tolstói
2026-09-06 11:52:48,361 [INFO] (113/150) Procesando ficha: https://ww3.lectulandia.co/book/persuasion/
2026-09-06 11:52:49,176 [INFO] Guardado: Persuasión — Jane Austen
2026-09-06 11:52:52,581 [INFO] (114/150) Procesando ficha: https://ww3.lectulandia.co/book/el-enfermo-imaginario/
2026-09-06 11:52:53,350 [INFO] Guardado: El enfermo imaginario — Molière
2026-09-06 11:52:55,979 [INFO] (115/150) Procesando ficha: https://ww3.lectulandia.co/book/retorno-a-brideshead/
2026-09-06 11:52:56,753 [INFO] Guardado: Retorno a Brideshead — Evelyn Waugh
2026-09-06 11:52:58,279 [INFO] (116/150) Procesando ficha: https://ww3.lectulandia.co/book/el-capote-trad-irene-tchernova/
2026-09-06 11:52:59,024 [INFO] Guardado: El capote (Trad. Irene Tchernova) — Nikolái Gógol
2026-09-06 11:53:01,479 [INFO] (117/150) Procesando ficha: https://ww3.lectulandia.co/book/el-capote-trad-victor-gallego/
2026-09-06 11:53:02,247 [INFO] Guardado: El capote (Trad. Víctor Gallego) — Nikolái Gógol
2026-09-06 11:53:04,169 [INFO] (118/150) Procesando ficha: https://ww3.lectulandia.co/book/callejon-sin-salida/
2026-09-06 11:53:04,750 [INFO] Guardado: Callejón sin salida — Charles Dickens
2026-09-06 11:53:06,483 [INFO] (119/150) Procesando ficha: https://ww3.lectulandia.co/book/sherlock-holmes-la-coleccion-completa/
2026-09-06 11:53:07,070 [INFO] Guardado: Sherlock Holmes. La colección completa — Arthur Conan Doyle
2026-09-06 11:53:08,915 [INFO] (120/150) Procesando ficha: https://ww3.lectulandia.co/book/robinson-crusoe/
2026-09-06 11:53:09,689 [INFO] Guardado: Robinson Crusoe — Daniel Defoe
2026-09-06 11:53:12,426 [INFO] (121/150) Procesando ficha: https://ww3.lectulandia.co/book/el-sabueso-de-los-baskerville/
2026-09-06 11:53:13,055 [INFO] Guardado: El sabueso de los Baskerville — Arthur Conan Doyle
2026-09-06 11:53:16,118 [INFO] (122/150) Procesando ficha: https://ww3.lectulandia.co/book/anaconda-y-otros-cuentos/
2026-09-06 11:53:16,930 [INFO] Guardado: Anaconda — Horacio Quiroga
2026-09-06 11:53:18,649 [INFO] (123/150) Procesando ficha: https://ww3.lectulandia.co/book/el-salvaje-y-otros-cuentos/
2026-09-06 11:53:19,439 [INFO] Guardado: El salvaje y otros cuentos — Horacio Quiroga
2026-09-06 11:53:22,273 [INFO] (124/150) Procesando ficha: https://ww3.lectulandia.co/book/cumbres-borrascosas/
2026-09-06 11:53:23,086 [INFO] Guardado: Cumbres borrascosas — Emily Brontë
2026-09-06 11:53:26,197 [INFO] (125/150) Procesando ficha: https://ww3.lectulandia.co/book/el-valle-del-terror/
2026-09-06 11:53:26,961 [INFO] Guardado: El valle del terror — Arthur Conan Doyle
2026-09-06 11:53:28,627 [INFO] (126/150) Procesando ficha: https://ww3.lectulandia.co/book/el-sabor-de-la-venganza/
2026-09-06 11:53:29,459 [INFO] Guardado: El sabor de la venganza — Pío Baroja
2026-09-06 11:53:31,744 [INFO] (127/150) Procesando ficha: https://ww3.lectulandia.co/book/por-el-camino-de-swann/
2026-09-06 11:53:32,601 [INFO] Guardado: Por el camino de Swann — Marcel Proust
2026-09-06 11:53:35,143 [INFO] (128/150) Procesando ficha: https://ww3.lectulandia.co/book/manalive/
2026-09-06 11:53:36,024 [INFO] Guardado: Manalive — Gilbert Keith Chesterton
2026-09-06 11:53:38,766 [INFO] (129/150) Procesando ficha: https://ww3.lectulandia.co/book/cuentos-de-amor-de-locura-y-de-muerte/
2026-09-06 11:53:39,642 [INFO] Guardado: Cuentos de amor de locura y de muerte — Horacio Quiroga
2026-09-06 11:53:43,121 [INFO] (130/150) Procesando ficha: https://ww3.lectulandia.co/book/el-periquillo-sarniento/
2026-09-06 11:53:44,010 [INFO] Guardado: El Periquillo Sarniento — José Joaquín Fernández de Lizardi
2026-09-06 11:53:47,187 [INFO] (131/150) Procesando ficha: https://ww3.lectulandia.co/book/las-mil-y-una-noches/
2026-09-06 11:53:47,842 [INFO] Guardado: Las mil y una noches — Anónimo
2026-09-06 11:53:50,820 [INFO] (132/150) Procesando ficha: https://ww3.lectulandia.co/book/cuentos-de-la-selva-para-los-ninos/
2026-09-06 11:53:51,634 [INFO] Guardado: Cuentos de la selva para los niños — Horacio Quiroga
2026-09-06 11:53:53,201 [INFO] (133/150) Procesando ficha: https://ww3.lectulandia.co/book/tesis-sobre-feuerbach/
2026-09-06 11:53:53,916 [INFO] Guardado: Tesis sobre Feuerbach — Karl Marx
2026-09-06 11:53:55,498 [INFO] (134/150) Procesando ficha: https://ww3.lectulandia.co/book/sin-nombre/
2026-09-06 11:53:56,039 [INFO] Guardado: Sin nombre — Wilkie Collins
2026-09-06 11:53:58,762 [INFO] (135/150) Procesando ficha: https://ww3.lectulandia.co/book/confesiones-de-un-bribon/
2026-09-06 11:53:59,581 [INFO] Guardado: Confesiones de un bribón — Wilkie Collins
2026-09-06 11:54:01,347 [INFO] (136/150) Procesando ficha: https://ww3.lectulandia.co/book/doble-engano/
2026-09-06 11:54:02,032 [INFO] Guardado: Doble engaño — Wilkie Collins
2026-09-06 11:54:05,192 [INFO] (137/150) Procesando ficha: https://ww3.lectulandia.co/book/primeras-canciones/
2026-09-06 11:54:05,827 [INFO] Guardado: Primeras canciones — Federico García Lorca
2026-09-06 11:54:07,864 [INFO] (138/150) Procesando ficha: https://ww3.lectulandia.co/book/el-hombre-de-negro/
2026-09-06 11:54:08,595 [INFO] Guardado: El hombre de negro — Wilkie Collins
2026-09-06 11:54:11,405 [INFO] (139/150) Procesando ficha: https://ww3.lectulandia.co/book/cuentos-de-canterbury/
2026-09-06 11:54:12,270 [INFO] Guardado: Cuentos de Canterbury — Geoffrey Chaucer
2026-09-06 11:54:15,457 [INFO] (140/150) Procesando ficha: https://ww3.lectulandia.co/book/la-ley-y-la-dama/
2026-09-06 11:54:16,123 [INFO] Guardado: La ley y la dama — Wilkie Collins
2026-09-06 11:54:19,006 [INFO] (141/150) Procesando ficha: https://ww3.lectulandia.co/book/apologia-de-socrates/
2026-09-06 11:54:19,782 [INFO] Guardado: Apología de Sócrates — Platón
2026-09-06 11:54:22,808 [INFO] (142/150) Procesando ficha: https://ww3.lectulandia.co/book/armadale/
2026-09-06 11:54:23,409 [INFO] Guardado: Armadale — Wilkie Collins
2026-09-06 11:54:25,181 [INFO] (143/150) Procesando ficha: https://ww3.lectulandia.co/book/el-legado-de-cain/
2026-09-06 11:54:26,031 [INFO] Guardado: El legado de Caín — Wilkie Collins
2026-09-06 11:54:28,369 [INFO] (144/150) Procesando ficha: https://ww3.lectulandia.co/book/la-historia-de-genji/
2026-09-06 11:54:29,013 [INFO] Guardado: La historia de Genji — Murasaki Shikibu
2026-09-06 11:54:31,370 [INFO] (145/150) Procesando ficha: https://ww3.lectulandia.co/book/absalon-absalon/
2026-09-06 11:54:32,123 [INFO] Guardado: ¡Absalón, Absalón! — William Faulkner
2026-09-06 11:54:33,655 [INFO] (146/150) Procesando ficha: https://ww3.lectulandia.co/book/el-papa-del-mar/
2026-09-06 11:54:34,478 [INFO] Guardado: El Papa del mar — Vicente Blasco Ibáñez
2026-09-06 11:54:37,139 [INFO] (147/150) Procesando ficha: https://ww3.lectulandia.co/book/rebelion-en-la-granja/
2026-09-06 11:54:38,046 [INFO] Guardado: Rebelión en la granja — George Orwell
2026-09-06 11:54:40,135 [INFO] (148/150) Procesando ficha: https://ww3.lectulandia.co/book/ferdydurke/
2026-09-06 11:54:40,699 [INFO] Guardado: Ferdydurke — Witold Gombrowicz
2026-09-06 11:54:43,460 [INFO] (149/150) Procesando ficha: https://ww3.lectulandia.co/book/el-loco/
2026-09-06 11:54:44,220 [INFO] Guardado: El loco — Gibran Khalil Gibran
2026-09-06 11:54:46,907 [INFO] (150/150) Procesando ficha: https://ww3.lectulandia.co/book/totem-y-tabu/
2026-09-06 11:54:47,634 [INFO] Guardado: Tótem y tabú — Sigmund Freud
2026-09-06 11:54:51,067 [INFO] Scraping finalizado. Libros válidos guardados: 150
2026-09-06 11:54:51,094 [INFO] ----- Controles mínimos de calidad -----
2026-09-06 11:54:51,095 [INFO] Duplicados por url_libro: 0 (esperado 0)
2026-09-06 11:54:51,095 [INFO] Registros sin título: 0 (esperado 0)
2026-09-06 11:54:51,095 [INFO] URLs inválidas: 0 (esperado 0)
2026-09-06 11:54:51,096 [INFO] Registros con sinopsis: 124/150 (82.7%) (se espera mayoría)
2026-09-06 11:54:51,096 [INFO] Registros con autor: 150/150
2026-09-06 11:54:51,096 [INFO] Registros con géneros: 150/150
2026-09-06 11:54:51,096 [INFO] Cantidad final de libros: 150 (objetivo: 150)
2026-09-06 11:54:51,097 [INFO] Archivo final generado en: C:\Github\TUIA_Segundo\2Cuatrimestre\4C_PNL\TP1\libros.csv
2026-09-06 12:54:20,288 [INFO] Inicio del scraping. Objetivo: los primeros 150 libros de la categoría 'Clásico'
2026-09-06 12:54:24,196 [INFO] Recorriendo página de categoría 1: https://ww3.lectulandia.co/genero/clasico/
2026-09-06 12:54:24,973 [INFO] Total de fichas únicas acumuladas: 24
2026-09-06 12:54:27,501 [INFO] Recorriendo página de categoría 2: https://ww3.lectulandia.co/genero/clasico/page/2/
2026-09-06 12:54:28,028 [INFO] Total de fichas únicas acumuladas: 48
2026-09-06 12:54:29,546 [INFO] Recorriendo página de categoría 3: https://ww3.lectulandia.co/genero/clasico/page/3/
2026-09-06 12:54:30,060 [INFO] Total de fichas únicas acumuladas: 72
2026-09-06 12:54:31,835 [INFO] Recorriendo página de categoría 4: https://ww3.lectulandia.co/genero/clasico/page/4/
2026-09-06 12:54:32,369 [INFO] Total de fichas únicas acumuladas: 96
2026-09-06 12:54:34,720 [INFO] Recorriendo página de categoría 5: https://ww3.lectulandia.co/genero/clasico/page/5/
2026-09-06 12:54:35,247 [INFO] Total de fichas únicas acumuladas: 120
2026-09-06 12:54:38,473 [INFO] Recorriendo página de categoría 6: https://ww3.lectulandia.co/genero/clasico/page/6/
2026-09-06 12:54:38,984 [INFO] Total de fichas únicas acumuladas: 144
2026-09-06 12:54:41,716 [INFO] Recorriendo página de categoría 7: https://ww3.lectulandia.co/genero/clasico/page/7/
2026-09-06 12:54:42,059 [INFO] Total de fichas únicas acumuladas: 168
2026-09-06 12:54:42,059 [INFO] URLs de fichas recolectadas: 150
2026-09-06 12:54:42,059 [INFO] (1/150) Procesando ficha: https://ww3.lectulandia.co/book/el-molino-del-floss/
2026-09-06 12:54:42,418 [INFO] Guardado: El molino del Floss — George Eliot
2026-09-06 12:54:45,162 [INFO] (2/150) Procesando ficha: https://ww3.lectulandia.co/book/middlemarch/
2026-09-06 12:54:45,688 [INFO] Guardado: Middlemarch — George Eliot
2026-09-06 12:54:47,727 [INFO] (3/150) Procesando ficha: https://ww3.lectulandia.co/book/otelo-el-moro-de-venecia/
2026-09-06 12:54:48,244 [INFO] Guardado: Otelo, el moro de Venecia — William Shakespeare
2026-09-06 12:54:50,774 [INFO] (4/150) Procesando ficha: https://ww3.lectulandia.co/book/hamlet/
2026-09-06 12:54:51,301 [INFO] Guardado: Hamlet — William Shakespeare
2026-09-06 12:54:54,205 [INFO] (5/150) Procesando ficha: https://ww3.lectulandia.co/book/la-sombra-del-cipres-es-alargada/
2026-09-06 12:54:54,730 [INFO] Guardado: La sombra del ciprés es alargada — Miguel Delibes
2026-09-06 12:54:56,829 [INFO] (6/150) Procesando ficha: https://ww3.lectulandia.co/book/la-respuesta-es-no/
2026-09-06 12:54:57,186 [INFO] Guardado: La respuesta es no — Wilkie Collins
2026-09-06 12:55:00,151 [INFO] (7/150) Procesando ficha: https://ww3.lectulandia.co/book/la-vida-es-sueno/
2026-09-06 12:55:00,667 [INFO] Guardado: La vida es sueño — Pedro Calderón de la Barca
2026-09-06 12:55:03,621 [INFO] (8/150) Procesando ficha: https://ww3.lectulandia.co/book/el-grillo-del-hogar-ilustrado/
2026-09-06 12:55:03,994 [INFO] Guardado: El grillo del hogar (Ilustrado) — Charles Dickens
2026-09-06 12:55:06,155 [INFO] (9/150) Procesando ficha: https://ww3.lectulandia.co/book/el-jardin-de-los-cerezos/
2026-09-06 12:55:06,668 [INFO] Guardado: El jardín de los cerezos — Antón Chéjov
2026-09-06 12:55:08,663 [INFO] (10/150) Procesando ficha: https://ww3.lectulandia.co/book/macbeth/
2026-09-06 12:55:09,183 [INFO] Guardado: Macbeth — William Shakespeare
2026-09-06 12:55:11,731 [INFO] (11/150) Procesando ficha: https://ww3.lectulandia.co/book/a-este-lado-del-paraiso/
2026-09-06 12:55:12,086 [INFO] Guardado: A este lado del paraíso — Francis Scott Fitzgerald
2026-09-06 12:55:15,238 [INFO] (12/150) Procesando ficha: https://ww3.lectulandia.co/book/la-segunda-casaca/
2026-09-06 12:55:15,778 [INFO] Guardado: La segunda casaca — Benito Pérez Galdós
2026-09-06 12:55:17,398 [INFO] (13/150) Procesando ficha: https://ww3.lectulandia.co/book/casa-de-munecas/
2026-09-06 12:55:17,906 [INFO] Guardado: Casa de muñecas — Henrik Ibsen
2026-09-06 12:55:20,305 [INFO] (14/150) Procesando ficha: https://ww3.lectulandia.co/book/juan-martin-el-empecinado/
2026-09-06 12:55:20,803 [INFO] Guardado: Juan Martín el Empecinado — Benito Pérez Galdós
2026-09-06 12:55:22,477 [INFO] (15/150) Procesando ficha: https://ww3.lectulandia.co/book/el-contrato-social/
2026-09-06 12:55:23,005 [INFO] Guardado: El contrato social — Jean-Jacques Rousseau
2026-09-06 12:55:26,063 [INFO] (16/150) Procesando ficha: https://ww3.lectulandia.co/book/el-grande-de-oriente/
2026-09-06 12:55:26,568 [INFO] Guardado: El Grande Oriente — Benito Pérez Galdós
2026-09-06 12:55:29,925 [INFO] (17/150) Procesando ficha: https://ww3.lectulandia.co/book/7-de-julio/
2026-09-06 12:55:30,298 [INFO] Guardado: 7 de julio — Benito Pérez Galdós
2026-09-06 12:55:33,675 [INFO] (18/150) Procesando ficha: https://ww3.lectulandia.co/book/los-cien-mil-hijos-de-san-luis/
2026-09-06 12:55:34,023 [INFO] Guardado: Los cien mil hijos de san Luis — Benito Pérez Galdós
2026-09-06 12:55:35,560 [INFO] (19/150) Procesando ficha: https://ww3.lectulandia.co/book/preparacion-del-actor/
2026-09-06 12:55:35,910 [INFO] Guardado: Preparación del actor — Konstantin Stanislavski
2026-09-06 12:55:37,777 [INFO] (20/150) Procesando ficha: https://ww3.lectulandia.co/book/el-terror-de-1824/
2026-09-06 12:55:38,123 [INFO] Guardado: El terror de 1824 — Benito Pérez Galdós
2026-09-06 12:55:39,804 [INFO] (21/150) Procesando ficha: https://ww3.lectulandia.co/book/los-apostolicos/
2026-09-06 12:55:40,163 [INFO] Guardado: Los apostólicos — Benito Pérez Galdós
2026-09-06 12:55:42,780 [INFO] (22/150) Procesando ficha: https://ww3.lectulandia.co/book/un-faccioso-mas-y-algunos-frailes-menos/
2026-09-06 12:55:43,129 [INFO] Guardado: Un faccioso más y algunos frailes menos — Benito Pérez Galdós
2026-09-06 12:55:46,338 [INFO] (23/150) Procesando ficha: https://ww3.lectulandia.co/book/un-voluntario-realista/
2026-09-06 12:55:46,751 [INFO] Guardado: Un voluntario realista — Benito Pérez Galdós
2026-09-06 12:55:48,338 [INFO] (24/150) Procesando ficha: https://ww3.lectulandia.co/book/narraciones-extraordinarias/
2026-09-06 12:55:48,685 [INFO] Guardado: Narraciones extraordinarias — Edgar Allan Poe
2026-09-06 12:55:51,525 [INFO] (25/150) Procesando ficha: https://ww3.lectulandia.co/book/zumalacarregui/
2026-09-06 12:55:52,046 [INFO] Guardado: Zumalacárregui — Benito Pérez Galdós
2026-09-06 12:55:54,533 [INFO] (26/150) Procesando ficha: https://ww3.lectulandia.co/book/vampiros-ilustrado/
2026-09-06 12:55:55,044 [INFO] Guardado: Vampiros (Ilustrado) — Alexandre Dumas
2026-09-06 12:55:57,370 [INFO] (27/150) Procesando ficha: https://ww3.lectulandia.co/book/el-cura-de-tours/
2026-09-06 12:55:57,732 [INFO] Guardado: El cura de Tours — Honoré de Balzac
2026-09-06 12:56:00,006 [INFO] (28/150) Procesando ficha: https://ww3.lectulandia.co/book/la-gaviota/
2026-09-06 12:56:00,370 [INFO] Guardado: La Gaviota — Antón Chéjov
2026-09-06 12:56:03,752 [INFO] (29/150) Procesando ficha: https://ww3.lectulandia.co/book/dracula-ilustrado/
2026-09-06 12:56:04,295 [INFO] Guardado: Drácula (Ilustrado) — Bram Stoker
2026-09-06 12:56:07,189 [INFO] (30/150) Procesando ficha: https://ww3.lectulandia.co/book/la-pequena-dorrit/
2026-09-06 12:56:07,537 [INFO] Guardado: La pequeña Dorrit — Charles Dickens
2026-09-06 12:56:09,148 [INFO] (31/150) Procesando ficha: https://ww3.lectulandia.co/book/nuestro-amigo-comun/
2026-09-06 12:56:09,611 [INFO] Guardado: Nuestro amigo común — Charles Dickens
2026-09-06 12:56:12,347 [INFO] (32/150) Procesando ficha: https://ww3.lectulandia.co/book/el-misterio-de-edwin-drood/
2026-09-06 12:56:12,689 [INFO] Guardado: El misterio de Edwin Drood — Charles Dickens
2026-09-06 12:56:14,348 [INFO] (33/150) Procesando ficha: https://ww3.lectulandia.co/book/tiempos-dificiles/
2026-09-06 12:56:14,728 [INFO] Guardado: Tiempos difíciles — Charles Dickens
2026-09-06 12:56:16,945 [INFO] (34/150) Procesando ficha: https://ww3.lectulandia.co/book/la-tienda-de-antiguedades/
2026-09-06 12:56:17,472 [INFO] Guardado: La tienda de antigüedades — Charles Dickens
2026-09-06 12:56:19,179 [INFO] (35/150) Procesando ficha: https://ww3.lectulandia.co/book/la-senora-lirriper/
2026-09-06 12:56:19,524 [INFO] Guardado: La Señora Lirriper — Charles Dickens
2026-09-06 12:56:22,022 [INFO] (36/150) Procesando ficha: https://ww3.lectulandia.co/book/la-casa-de-shakespeare/
2026-09-06 12:56:22,365 [INFO] Guardado: La casa de Shakespeare — Benito Pérez Galdós
2026-09-06 12:56:25,180 [INFO] (37/150) Procesando ficha: https://ww3.lectulandia.co/book/los-dos-hidalgos-de-verona/
2026-09-06 12:56:25,531 [INFO] Guardado: Los dos hidalgos de Verona — William Shakespeare
2026-09-06 12:56:27,883 [INFO] (38/150) Procesando ficha: https://ww3.lectulandia.co/book/llenos-de-vida/
2026-09-06 12:56:28,402 [INFO] Guardado: Llenos de vida — John Fante
2026-09-06 12:56:31,323 [INFO] (39/150) Procesando ficha: https://ww3.lectulandia.co/book/morfina/
2026-09-06 12:56:31,839 [INFO] Guardado: Morfina — Mijaíl Bulgákov
2026-09-06 12:56:34,325 [INFO] (40/150) Procesando ficha: https://ww3.lectulandia.co/book/marido-y-mujer/
2026-09-06 12:56:34,670 [INFO] Guardado: Marido y mujer — Wilkie Collins
2026-09-06 12:56:37,075 [INFO] (41/150) Procesando ficha: https://ww3.lectulandia.co/book/del-asesinato-considerado-como-una-de-las-bellas-artes/
2026-09-06 12:56:37,591 [INFO] Guardado: Del asesinato considerado como una de las bellas artes — Thomas De Quincey
2026-09-06 12:56:39,678 [INFO] (42/150) Procesando ficha: https://ww3.lectulandia.co/book/dafnis-y-cloe/
2026-09-06 12:56:40,184 [INFO] Guardado: Dafnis y Cloe — Longo
2026-09-06 12:56:42,767 [INFO] (43/150) Procesando ficha: https://ww3.lectulandia.co/book/mansfield-park/
2026-09-06 12:56:43,123 [INFO] Guardado: Mansfield Park — Jane Austen
2026-09-06 12:56:45,163 [INFO] (44/150) Procesando ficha: https://ww3.lectulandia.co/book/la-educacion-sentimental/
2026-09-06 12:56:45,510 [INFO] Guardado: La educación sentimental — Gustave Flaubert
2026-09-06 12:56:47,051 [INFO] (45/150) Procesando ficha: https://ww3.lectulandia.co/book/textos-fronterizos/
2026-09-06 12:56:47,557 [INFO] Guardado: Textos fronterizos — Horacio Quiroga
2026-09-06 12:56:50,598 [INFO] (46/150) Procesando ficha: https://ww3.lectulandia.co/book/las-aventuras-de-pinocho/
2026-09-06 12:56:50,956 [INFO] Guardado: Las aventuras de Pinocho — Carlo Collodi
2026-09-06 12:56:52,633 [INFO] (47/150) Procesando ficha: https://ww3.lectulandia.co/book/el-rey-lear/
2026-09-06 12:56:53,157 [INFO] Guardado: El rey Lear — William Shakespeare
2026-09-06 12:56:54,802 [INFO] (48/150) Procesando ficha: https://ww3.lectulandia.co/book/el-mundo-de-guermantes/
2026-09-06 12:56:55,145 [INFO] Guardado: El mundo de Guermantes — Marcel Proust
2026-09-06 12:56:58,208 [INFO] (49/150) Procesando ficha: https://ww3.lectulandia.co/book/el-amor-el-dandismo-y-la-intriga/
2026-09-06 12:56:58,716 [INFO] Guardado: El amor, el dandismo y la intriga — Pío Baroja
2026-09-06 12:57:00,659 [INFO] (50/150) Procesando ficha: https://ww3.lectulandia.co/book/apologia-de-socrates-trad-gredos/
2026-09-06 12:57:01,183 [INFO] Guardado: Apología de Sócrates (Trad. Gredos) — Platón
2026-09-06 12:57:03,108 [INFO] (51/150) Procesando ficha: https://ww3.lectulandia.co/book/criton-trad-gredos/
2026-09-06 12:57:03,616 [INFO] Guardado: Critón (Trad. Gredos) — Platón
2026-09-06 12:57:05,242 [INFO] (52/150) Procesando ficha: https://ww3.lectulandia.co/book/servidumbre-humana/
2026-09-06 12:57:05,753 [INFO] Guardado: Servidumbre humana — William Somerset Maugham
2026-09-06 12:57:08,564 [INFO] (53/150) Procesando ficha: https://ww3.lectulandia.co/book/canciones-de-inocencia-y-de-experiencia/
2026-09-06 12:57:08,908 [INFO] Guardado: Canciones de inocencia y de experiencia — William Blake
2026-09-06 12:57:12,242 [INFO] (54/150) Procesando ficha: https://ww3.lectulandia.co/book/la-hija-de-jezabel/
2026-09-06 12:57:12,585 [INFO] Guardado: La hija de Jezabel — Wilkie Collins
2026-09-06 12:57:15,332 [INFO] (55/150) Procesando ficha: https://ww3.lectulandia.co/book/el-18-brumario-de-luis-bonaparte/
2026-09-06 12:57:15,983 [INFO] Guardado: El 18 Brumario de Luis Bonaparte — Karl Marx
2026-09-06 12:57:18,049 [INFO] (56/150) Procesando ficha: https://ww3.lectulandia.co/book/tesis-sobre-feuerbach-version-ade/
2026-09-06 12:57:18,757 [INFO] Guardado: Tesis sobre Feuerbach (versión ADE) — Karl Marx
2026-09-06 12:57:21,531 [INFO] (57/150) Procesando ficha: https://ww3.lectulandia.co/book/diferencia-de-la-filosofia-de-la-naturaleza-en-democrito-y-epicuro-version-ade/
2026-09-06 12:57:22,048 [INFO] Guardado: Diferencia de la filosofía de la naturaleza en Demócrito y Epicuro (versión ADE) — Karl Marx
2026-09-06 12:57:24,244 [INFO] (58/150) Procesando ficha: https://ww3.lectulandia.co/book/el-18-brumario-de-luis-bonaparte-version-ade/
2026-09-06 12:57:24,818 [INFO] Guardado: El 18 Brumario de Luis Bonaparte (versión ADE) — Karl Marx
2026-09-06 12:57:26,837 [INFO] (59/150) Procesando ficha: https://ww3.lectulandia.co/book/la-tempestad/
2026-09-06 12:57:27,338 [INFO] Guardado: La tempestad — William Shakespeare
2026-09-06 12:57:29,677 [INFO] (60/150) Procesando ficha: https://ww3.lectulandia.co/book/mujercitas/
2026-09-06 12:57:30,196 [INFO] Guardado: Mujercitas — Louisa May Alcott
2026-09-06 12:57:33,114 [INFO] (61/150) Procesando ficha: https://ww3.lectulandia.co/book/sobre-el-arte-de-contar-historias/
2026-09-06 12:57:33,616 [INFO] Guardado: Sobre el arte de contar historias — Horacio Quiroga
2026-09-06 12:57:36,777 [INFO] (62/150) Procesando ficha: https://ww3.lectulandia.co/book/cuentos-dispersos/
2026-09-06 12:57:37,134 [INFO] Guardado: Cuentos dispersos — Horacio Quiroga
2026-09-06 12:57:40,571 [INFO] (63/150) Procesando ficha: https://ww3.lectulandia.co/book/fabulas-morales/
2026-09-06 12:57:41,076 [INFO] Guardado: Fábulas morales — Félix María Samaniego
2026-09-06 12:57:42,735 [INFO] (64/150) Procesando ficha: https://ww3.lectulandia.co/book/germinal/
2026-09-06 12:57:43,481 [INFO] Guardado: Germinal — Émile Zola
2026-09-06 12:57:45,426 [INFO] (65/150) Procesando ficha: https://ww3.lectulandia.co/book/el-secreto-de-sarah/
2026-09-06 12:57:45,768 [INFO] Guardado: El secreto de Sarah — Wilkie Collins
2026-09-06 12:57:48,996 [INFO] (66/150) Procesando ficha: https://ww3.lectulandia.co/book/la-venus-de-las-pieles/
2026-09-06 12:57:49,525 [INFO] Guardado: La Venus de las pieles — Leopold von Sacher-Masoch
2026-09-06 12:57:52,584 [INFO] (67/150) Procesando ficha: https://ww3.lectulandia.co/book/julio-cesar/
2026-09-06 12:57:52,934 [INFO] Guardado: Julio César — William Shakespeare
2026-09-06 12:57:56,168 [INFO] (68/150) Procesando ficha: https://ww3.lectulandia.co/book/el-candor-del-padre-brown/
2026-09-06 12:57:56,695 [INFO] Guardado: El candor del padre Brown — Gilbert Keith Chesterton
2026-09-06 12:57:59,185 [INFO] (69/150) Procesando ficha: https://ww3.lectulandia.co/book/mendel-el-de-los-libros/
2026-09-06 12:57:59,711 [INFO] Guardado: Mendel el de los libros — Stefan Zweig
2026-09-06 12:58:01,420 [INFO] (70/150) Procesando ficha: https://ww3.lectulandia.co/book/poder-burgues-y-poder-revolucionario/
2026-09-06 12:58:01,990 [INFO] Guardado: Poder burgués y poder revolucionario — Mario Roberto Santucho
2026-09-06 12:58:05,360 [INFO] (71/150) Procesando ficha: https://ww3.lectulandia.co/book/el-alcalde-de-zalamea/
2026-09-06 12:58:05,892 [INFO] Guardado: El alcalde de Zalamea — Pedro Calderón de la Barca
2026-09-06 12:58:09,165 [INFO] (72/150) Procesando ficha: https://ww3.lectulandia.co/book/relatos-1-1913-1927/
2026-09-06 12:58:09,516 [INFO] Guardado: Relatos 1 (1913-1927) — Bertolt Brecht
2026-09-06 12:58:12,448 [INFO] (73/150) Procesando ficha: https://ww3.lectulandia.co/book/relatos-2-1927-1949/
2026-09-06 12:58:12,961 [INFO] Guardado: Relatos 2 (1927-1949) — Bertolt Brecht
2026-09-06 12:58:14,503 [INFO] (74/150) Procesando ficha: https://ww3.lectulandia.co/book/basil/
2026-09-06 12:58:15,011 [INFO] Guardado: Basil — Wilkie Collins
2026-09-06 12:58:18,370 [INFO] (75/150) Procesando ficha: https://ww3.lectulandia.co/book/los-pazos-de-ulloa/
2026-09-06 12:58:18,952 [INFO] Guardado: Los pazos de Ulloa — Emilia Pardo Bazán
2026-09-06 12:58:20,774 [INFO] (76/150) Procesando ficha: https://ww3.lectulandia.co/book/viaje-al-oeste-las-aventuras-del-rey-mono/
2026-09-06 12:58:21,302 [INFO] Guardado: Viaje al Oeste. Las aventuras del Rey Mono — Anónimo
2026-09-06 12:58:24,332 [INFO] (77/150) Procesando ficha: https://ww3.lectulandia.co/book/emma/
2026-09-06 12:58:24,856 [INFO] Guardado: Emma — Jane Austen
2026-09-06 12:58:26,495 [INFO] (78/150) Procesando ficha: https://ww3.lectulandia.co/book/el-fantasma-de-la-opera/
2026-09-06 12:58:27,013 [INFO] Guardado: El fantasma de la ópera — Gastón Leroux
2026-09-06 12:58:30,373 [INFO] (79/150) Procesando ficha: https://ww3.lectulandia.co/book/las-hojas-caidas/
2026-09-06 12:58:30,734 [INFO] Guardado: Las hojas caídas — Wilkie Collins
2026-09-06 12:58:33,109 [INFO] (80/150) Procesando ficha: https://ww3.lectulandia.co/book/cuentos-completos-vladimir-nabokov/
2026-09-06 12:58:33,477 [INFO] Guardado: Cuentos completos — Vladimir Nabokov
2026-09-06 12:58:36,408 [INFO] (81/150) Procesando ficha: https://ww3.lectulandia.co/book/el-vampiro/
2026-09-06 12:58:36,931 [INFO] Guardado: El vampiro — John William Polidori
2026-09-06 12:58:39,205 [INFO] (82/150) Procesando ficha: https://ww3.lectulandia.co/book/diferencia-de-la-filosofia-de-la-naturaleza-en-democrito-y-epicuro/
2026-09-06 12:58:39,717 [INFO] Guardado: Diferencia de la filosofía de la naturaleza en Demócrito y Epicuro — Karl Marx
2026-09-06 12:58:41,263 [INFO] (83/150) Procesando ficha: https://ww3.lectulandia.co/book/el-retrato-de-dorian-gray/
2026-09-06 12:58:41,825 [INFO] Guardado: El retrato de Dorian Gray — Oscar Wilde
2026-09-06 12:58:45,051 [INFO] (84/150) Procesando ficha: https://ww3.lectulandia.co/book/kokoro/
2026-09-06 12:58:45,412 [INFO] Guardado: Kokoro — Natsume Söseki
2026-09-06 12:58:47,386 [INFO] (85/150) Procesando ficha: https://ww3.lectulandia.co/book/botchan/
2026-09-06 12:58:47,907 [INFO] Guardado: Botchan — Natsume Söseki
2026-09-06 12:58:51,036 [INFO] (86/150) Procesando ficha: https://ww3.lectulandia.co/book/musashi/
2026-09-06 12:58:51,791 [INFO] Guardado: Musashi — Eiji Yoshikawa
2026-09-06 12:58:53,902 [INFO] (87/150) Procesando ficha: https://ww3.lectulandia.co/book/guerra-y-paz-ed-muchnik/
2026-09-06 12:58:54,431 [INFO] Guardado: Guerra y paz (Ed. Muchnik) — León Tolstói
2026-09-06 12:58:57,615 [INFO] (88/150) Procesando ficha: https://ww3.lectulandia.co/book/el-barrio-maldito/
2026-09-06 12:58:58,243 [INFO] Guardado: El barrio maldito — Félix Urabayen
2026-09-06 12:59:00,285 [INFO] (89/150) Procesando ficha: https://ww3.lectulandia.co/book/tiempo-de-silencio/
2026-09-06 12:59:00,799 [INFO] Guardado: Tiempo de silencio — Luis Martín-Santos
2026-09-06 12:59:03,760 [INFO] (90/150) Procesando ficha: https://ww3.lectulandia.co/book/senda-hacia-tierras-hondas/
2026-09-06 12:59:04,117 [INFO] Guardado: Senda hacia tierras hondas — Bashô Matsuo
2026-09-06 12:59:06,554 [INFO] (91/150) Procesando ficha: https://ww3.lectulandia.co/book/lisistrata/
2026-09-06 12:59:06,910 [INFO] Guardado: Lisístrata — Aristófanes
2026-09-06 12:59:09,908 [INFO] (92/150) Procesando ficha: https://ww3.lectulandia.co/book/alrededor-de-la-luna/
2026-09-06 12:59:10,282 [INFO] Guardado: Alrededor de la luna — Julio Verne
2026-09-06 12:59:12,781 [INFO] (93/150) Procesando ficha: https://ww3.lectulandia.co/book/robin-hood-2/
2026-09-06 12:59:13,286 [INFO] Guardado: Robin Hood — Anónimo
2026-09-06 12:59:15,232 [INFO] (94/150) Procesando ficha: https://ww3.lectulandia.co/book/don-juan-tenorio/
2026-09-06 12:59:15,584 [INFO] Guardado: Don Juan Tenorio — José Zorrilla
2026-09-06 12:59:17,828 [INFO] (95/150) Procesando ficha: https://ww3.lectulandia.co/book/los-tres-mosqueteros/
2026-09-06 12:59:18,373 [INFO] Guardado: Los tres mosqueteros — Alexandre Dumas
2026-09-06 12:59:20,902 [INFO] (96/150) Procesando ficha: https://ww3.lectulandia.co/book/de-la-tierra-a-la-luna/
2026-09-06 12:59:21,271 [INFO] Guardado: De la Tierra a la Luna — Julio Verne
2026-09-06 12:59:23,741 [INFO] (97/150) Procesando ficha: https://ww3.lectulandia.co/book/las-furias/
2026-09-06 12:59:24,257 [INFO] Guardado: Las furias — Pío Baroja
2026-09-06 12:59:26,780 [INFO] (98/150) Procesando ficha: https://ww3.lectulandia.co/book/el-amante/
2026-09-06 12:59:27,306 [INFO] Guardado: El amante — Marguerite Duras
2026-09-06 12:59:29,517 [INFO] (99/150) Procesando ficha: https://ww3.lectulandia.co/book/la-abadia-de-northanger/
2026-09-06 12:59:29,973 [INFO] Guardado: La abadía de Northanger — Jane Austen
2026-09-06 12:59:32,657 [INFO] (100/150) Procesando ficha: https://ww3.lectulandia.co/book/el-extrano-caso-del-dr-jekyll-y-mr-hyde/
2026-09-06 12:59:33,184 [INFO] Guardado: El extraño caso del Dr. Jekyll y Mr. Hyde — Robert Louis Stevenson
2026-09-06 12:59:36,510 [INFO] (101/150) Procesando ficha: https://ww3.lectulandia.co/book/mas-alla-y-otros-cuentos/
2026-09-06 12:59:36,865 [INFO] Guardado: Más allá y otros cuentos — Horacio Quiroga
2026-09-06 12:59:40,026 [INFO] (102/150) Procesando ficha: https://ww3.lectulandia.co/book/los-desterrados-y-otros-cuentos/
2026-09-06 12:59:40,551 [INFO] Guardado: Los desterrados y otros cuentos — Horacio Quiroga
2026-09-06 12:59:42,211 [INFO] (103/150) Procesando ficha: https://ww3.lectulandia.co/book/el-desierto-y-otros-cuentos/
2026-09-06 12:59:42,574 [INFO] Guardado: El desierto y otros cuentos — Horacio Quiroga
2026-09-06 12:59:45,272 [INFO] (104/150) Procesando ficha: https://ww3.lectulandia.co/book/la-cartuja-de-parma/
2026-09-06 12:59:45,622 [INFO] Guardado: La cartuja de Parma — Stendhal
2026-09-06 12:59:48,249 [INFO] (105/150) Procesando ficha: https://ww3.lectulandia.co/book/macbeth-una-tragedia-en-5-actos/
2026-09-06 12:59:48,762 [INFO] Guardado: Macbeth. Una tragedia en 5 actos — William Shakespeare
2026-09-06 12:59:51,537 [INFO] (106/150) Procesando ficha: https://ww3.lectulandia.co/book/las-mil-y-una-noches-trad-de-juan-vernet/
2026-09-06 12:59:52,072 [INFO] Guardado: Las mil y una noches (trad. de Juan Vernet) — Anónimo
2026-09-06 12:59:53,612 [INFO] (107/150) Procesando ficha: https://ww3.lectulandia.co/book/la-peste/
2026-09-06 12:59:54,150 [INFO] Guardado: La peste — Albert Camus
2026-09-06 12:59:56,151 [INFO] (108/150) Procesando ficha: https://ww3.lectulandia.co/book/pequeno-hombre-y-ahora-que/
2026-09-06 12:59:56,525 [INFO] Guardado: Pequeño hombre ¿y ahora qué? — Hans Fallada
2026-09-06 12:59:58,937 [INFO] (109/150) Procesando ficha: https://ww3.lectulandia.co/book/el-fulgor-y-la-sangre/
2026-09-06 12:59:59,524 [INFO] Guardado: El fulgor y la sangre — Ignacio Aldecoa
2026-09-06 13:00:02,957 [INFO] (110/150) Procesando ficha: https://ww3.lectulandia.co/book/ana-karenina/
2026-09-06 13:00:03,487 [INFO] Guardado: Ana Karenina — León Tolstói
2026-09-06 13:00:05,372 [INFO] (111/150) Procesando ficha: https://ww3.lectulandia.co/book/anna-karenina-ed-alba-2010/
2026-09-06 13:00:05,730 [INFO] Guardado: Anna Karénina (Ed. Alba 2010) — León Tolstói
2026-09-06 13:00:08,835 [INFO] (112/150) Procesando ficha: https://ww3.lectulandia.co/book/guerra-y-paz/
2026-09-06 13:00:09,356 [INFO] Guardado: Guerra y paz — León Tolstói
2026-09-06 13:00:12,718 [INFO] (113/150) Procesando ficha: https://ww3.lectulandia.co/book/persuasion/
2026-09-06 13:00:13,083 [INFO] Guardado: Persuasión — Jane Austen
2026-09-06 13:00:14,830 [INFO] (114/150) Procesando ficha: https://ww3.lectulandia.co/book/el-enfermo-imaginario/
2026-09-06 13:00:15,270 [INFO] Guardado: El enfermo imaginario — Molière
2026-09-06 13:00:18,337 [INFO] (115/150) Procesando ficha: https://ww3.lectulandia.co/book/retorno-a-brideshead/
2026-09-06 13:00:18,852 [INFO] Guardado: Retorno a Brideshead — Evelyn Waugh
2026-09-06 13:00:20,406 [INFO] (116/150) Procesando ficha: https://ww3.lectulandia.co/book/el-capote-trad-irene-tchernova/
2026-09-06 13:00:20,968 [INFO] Guardado: El capote (Trad. Irene Tchernova) — Nikolái Gógol
2026-09-06 13:00:23,533 [INFO] (117/150) Procesando ficha: https://ww3.lectulandia.co/book/el-capote-trad-victor-gallego/
2026-09-06 13:00:24,052 [INFO] Guardado: El capote (Trad. Víctor Gallego) — Nikolái Gógol
2026-09-06 13:00:27,300 [INFO] (118/150) Procesando ficha: https://ww3.lectulandia.co/book/callejon-sin-salida/
2026-09-06 13:00:27,813 [INFO] Guardado: Callejón sin salida — Charles Dickens
2026-09-06 13:00:29,764 [INFO] (119/150) Procesando ficha: https://ww3.lectulandia.co/book/sherlock-holmes-la-coleccion-completa/
2026-09-06 13:00:30,285 [INFO] Guardado: Sherlock Holmes. La colección completa — Arthur Conan Doyle
2026-09-06 13:00:32,067 [INFO] (120/150) Procesando ficha: https://ww3.lectulandia.co/book/robinson-crusoe/
2026-09-06 13:00:32,607 [INFO] Guardado: Robinson Crusoe — Daniel Defoe
2026-09-06 13:00:35,545 [INFO] (121/150) Procesando ficha: https://ww3.lectulandia.co/book/el-sabueso-de-los-baskerville/
2026-09-06 13:00:36,076 [INFO] Guardado: El sabueso de los Baskerville — Arthur Conan Doyle
2026-09-06 13:00:38,174 [INFO] (122/150) Procesando ficha: https://ww3.lectulandia.co/book/anaconda-y-otros-cuentos/
2026-09-06 13:00:38,704 [INFO] Guardado: Anaconda — Horacio Quiroga
2026-09-06 13:00:41,080 [INFO] (123/150) Procesando ficha: https://ww3.lectulandia.co/book/el-salvaje-y-otros-cuentos/
2026-09-06 13:00:41,477 [INFO] Guardado: El salvaje y otros cuentos — Horacio Quiroga
2026-09-06 13:00:43,934 [INFO] (124/150) Procesando ficha: https://ww3.lectulandia.co/book/cumbres-borrascosas/
2026-09-06 13:00:44,459 [INFO] Guardado: Cumbres borrascosas — Emily Brontë
2026-09-06 13:00:46,601 [INFO] (125/150) Procesando ficha: https://ww3.lectulandia.co/book/el-valle-del-terror/
2026-09-06 13:00:47,112 [INFO] Guardado: El valle del terror — Arthur Conan Doyle
2026-09-06 13:00:49,938 [INFO] (126/150) Procesando ficha: https://ww3.lectulandia.co/book/el-sabor-de-la-venganza/
2026-09-06 13:00:50,450 [INFO] Guardado: El sabor de la venganza — Pío Baroja
2026-09-06 13:00:53,460 [INFO] (127/150) Procesando ficha: https://ww3.lectulandia.co/book/por-el-camino-de-swann/
2026-09-06 13:00:53,998 [INFO] Guardado: Por el camino de Swann — Marcel Proust
2026-09-06 13:00:57,250 [INFO] (128/150) Procesando ficha: https://ww3.lectulandia.co/book/manalive/
2026-09-06 13:00:57,764 [INFO] Guardado: Manalive — Gilbert Keith Chesterton
2026-09-06 13:01:01,249 [INFO] (129/150) Procesando ficha: https://ww3.lectulandia.co/book/cuentos-de-amor-de-locura-y-de-muerte/
2026-09-06 13:01:01,762 [INFO] Guardado: Cuentos de amor de locura y de muerte — Horacio Quiroga
2026-09-06 13:01:04,149 [INFO] (130/150) Procesando ficha: https://ww3.lectulandia.co/book/el-periquillo-sarniento/
2026-09-06 13:01:04,649 [INFO] Guardado: El Periquillo Sarniento — José Joaquín Fernández de Lizardi
2026-09-06 13:01:06,471 [INFO] (131/150) Procesando ficha: https://ww3.lectulandia.co/book/las-mil-y-una-noches/
2026-09-06 13:01:07,017 [INFO] Guardado: Las mil y una noches — Anónimo
2026-09-06 13:01:09,720 [INFO] (132/150) Procesando ficha: https://ww3.lectulandia.co/book/cuentos-de-la-selva-para-los-ninos/
2026-09-06 13:01:10,236 [INFO] Guardado: Cuentos de la selva para los niños — Horacio Quiroga
2026-09-06 13:01:12,064 [INFO] (133/150) Procesando ficha: https://ww3.lectulandia.co/book/tesis-sobre-feuerbach/
2026-09-06 13:01:12,422 [INFO] Guardado: Tesis sobre Feuerbach — Karl Marx
2026-09-06 13:01:15,064 [INFO] (134/150) Procesando ficha: https://ww3.lectulandia.co/book/sin-nombre/
2026-09-06 13:01:15,415 [INFO] Guardado: Sin nombre — Wilkie Collins
2026-09-06 13:01:18,765 [INFO] (135/150) Procesando ficha: https://ww3.lectulandia.co/book/confesiones-de-un-bribon/
2026-09-06 13:01:19,268 [INFO] Guardado: Confesiones de un bribón — Wilkie Collins
2026-09-06 13:01:21,824 [INFO] (136/150) Procesando ficha: https://ww3.lectulandia.co/book/doble-engano/
2026-09-06 13:01:22,179 [INFO] Guardado: Doble engaño — Wilkie Collins
2026-09-06 13:01:24,556 [INFO] (137/150) Procesando ficha: https://ww3.lectulandia.co/book/primeras-canciones/
2026-09-06 13:01:24,931 [INFO] Guardado: Primeras canciones — Federico García Lorca
2026-09-06 13:01:27,210 [INFO] (138/150) Procesando ficha: https://ww3.lectulandia.co/book/el-hombre-de-negro/
2026-09-06 13:01:27,560 [INFO] Guardado: El hombre de negro — Wilkie Collins
2026-09-06 13:01:29,381 [INFO] (139/150) Procesando ficha: https://ww3.lectulandia.co/book/cuentos-de-canterbury/
2026-09-06 13:01:29,918 [INFO] Guardado: Cuentos de Canterbury — Geoffrey Chaucer
2026-09-06 13:01:32,819 [INFO] (140/150) Procesando ficha: https://ww3.lectulandia.co/book/la-ley-y-la-dama/
2026-09-06 13:01:33,345 [INFO] Guardado: La ley y la dama — Wilkie Collins
2026-09-06 13:01:35,896 [INFO] (141/150) Procesando ficha: https://ww3.lectulandia.co/book/apologia-de-socrates/
2026-09-06 13:01:36,411 [INFO] Guardado: Apología de Sócrates — Platón
2026-09-06 13:01:39,101 [INFO] (142/150) Procesando ficha: https://ww3.lectulandia.co/book/armadale/
2026-09-06 13:01:39,639 [INFO] Guardado: Armadale — Wilkie Collins
2026-09-06 13:01:41,613 [INFO] (143/150) Procesando ficha: https://ww3.lectulandia.co/book/el-legado-de-cain/
2026-09-06 13:01:42,114 [INFO] Guardado: El legado de Caín — Wilkie Collins
2026-09-06 13:01:43,751 [INFO] (144/150) Procesando ficha: https://ww3.lectulandia.co/book/la-historia-de-genji/
2026-09-06 13:01:44,280 [INFO] Guardado: La historia de Genji — Murasaki Shikibu
2026-09-06 13:01:46,953 [INFO] (145/150) Procesando ficha: https://ww3.lectulandia.co/book/absalon-absalon/
2026-09-06 13:01:47,327 [INFO] Guardado: ¡Absalón, Absalón! — William Faulkner
2026-09-06 13:01:49,083 [INFO] (146/150) Procesando ficha: https://ww3.lectulandia.co/book/el-papa-del-mar/
2026-09-06 13:01:49,430 [INFO] Guardado: El Papa del mar — Vicente Blasco Ibáñez
2026-09-06 13:01:52,633 [INFO] (147/150) Procesando ficha: https://ww3.lectulandia.co/book/rebelion-en-la-granja/
2026-09-06 13:01:53,187 [INFO] Guardado: Rebelión en la granja — George Orwell
2026-09-06 13:01:55,646 [INFO] (148/150) Procesando ficha: https://ww3.lectulandia.co/book/ferdydurke/
2026-09-06 13:01:56,011 [INFO] Guardado: Ferdydurke — Witold Gombrowicz
2026-09-06 13:01:57,611 [INFO] (149/150) Procesando ficha: https://ww3.lectulandia.co/book/el-loco/
2026-09-06 13:01:58,133 [INFO] Guardado: El loco — Gibran Khalil Gibran
2026-09-06 13:02:00,012 [INFO] (150/150) Procesando ficha: https://ww3.lectulandia.co/book/totem-y-tabu/
2026-09-06 13:02:00,524 [INFO] Guardado: Tótem y tabú — Sigmund Freud
2026-09-06 13:02:04,163 [INFO] Scraping finalizado. Libros válidos guardados: 150
2026-09-06 13:02:04,202 [INFO] ----- Controles mínimos de calidad -----
2026-09-06 13:02:04,203 [INFO] Duplicados por url_libro: 0 (esperado 0)
2026-09-06 13:02:04,203 [INFO] Registros sin título: 0 (esperado 0)
2026-09-06 13:02:04,204 [INFO] URLs inválidas: 0 (esperado 0)
2026-09-06 13:02:04,204 [INFO] Registros con sinopsis: 124/150 (82.7%) (se espera mayoría)
2026-09-06 13:02:04,204 [INFO] Registros con autor: 150/150
2026-09-06 13:02:04,204 [INFO] Registros con géneros: 150/150
2026-09-06 13:02:04,204 [INFO] Cantidad final de libros: 150 (objetivo: 150)
2026-09-06 13:02:04,204 [INFO] Archivo final generado en: D:\Github\TUIA_Segundo\2Cuatrimestre\4C_PNL\TP1\libros.csv
